{
  "type": "loot_table",
    "pools": [
      {
        "bonus_rolls": 0.0,
        "entries": [
          {
            "type": "minecraft:item",
            "name": "mega_showdown:abomasite",
            "weight": 1
          },
          {
            "type": "minecraft:item",
            "name": "mega_showdown:absolite",
            "weight": 1
          },
          {
            "type": "minecraft:item",
            "name": "mega_showdown:aerodactylite",
            "weight": 1
          },
          {
            "type": "minecraft:item",
            "name": "mega_showdown:aggronite",
            "weight": 1
          },
          {
            "type": "minecraft:item",
            "name": "mega_showdown:alakazite",
            "weight": 1
          },
          {
            "type": "minecraft:item",
            "name": "mega_showdown:altarianite",
            "weight": 1
          },
          {
            "type": "minecraft:item",
            "name": "mega_showdown:ampharosite",
            "weight": 1
          },
          {
            "type": "minecraft:item",
            "name": "mega_showdown:audinite",
            "weight": 1
          },
          {
            "type": "minecraft:item",
            "name": "mega_showdown:banettite",
            "weight": 1
          },
          {
            "type": "minecraft:item",
            "name": "mega_showdown:beedrillite",
            "weight": 1
          },
          {
            "type": "minecraft:item",
            "name": "mega_showdown:blastoisinite",
            "weight": 1
          },
          {
            "type": "minecraft:item",
            "name": "mega_showdown:blazikenite",
            "weight": 1
          },
          {
            "type": "minecraft:item",
            "name": "mega_showdown:cameruptite",
            "weight": 1
          },
          {
            "type": "minecraft:item",
            "name": "mega_showdown:charizardite_x",
            "weight": 1
          },
          {
            "type": "minecraft:item",
            "name": "mega_showdown:charizardite_y",
            "weight": 1
          },
          {
            "type": "minecraft:item",
            "name": "mega_showdown:diancite",
            "weight": 1
          },
          {
            "type": "minecraft:item",
            "name": "mega_showdown:galladite",
            "weight": 1
          },
          {
            "type": "minecraft:item",
            "name": "mega_showdown:garchompite",
            "weight": 1
          },
          {
            "type": "minecraft:item",
            "name": "mega_showdown:gardevoirite",
            "weight": 1
          },
          {
            "type": "minecraft:item",
            "name": "mega_showdown:gengarite",
            "weight": 1
          },
          {
            "type": "minecraft:item",
            "name": "mega_showdown:gyaradosite",
            "weight": 1
          },
          {
            "type": "minecraft:item",
            "name": "mega_showdown:heracronite",
            "weight": 1
          },
          {
            "type": "minecraft:item",
            "name": "mega_showdown:houndoominite",
            "weight": 1
          },
          {
            "type": "minecraft:item",
            "name": "mega_showdown:kangaskhanite",
            "weight": 1
          },
          {
            "type": "minecraft:item",
            "name": "mega_showdown:latiasite",
            "weight": 1
          },
          {
            "type": "minecraft:item",
            "name": "mega_showdown:latiosite",
            "weight": 1
          },
          {
            "type": "minecraft:item",
            "name": "mega_showdown:lopunnite",
            "weight": 1
          },
          {
            "type": "minecraft:item",
            "name": "mega_showdown:lucarionite",
            "weight": 1
          },
          {
            "type": "minecraft:item",
            "name": "mega_showdown:manectite",
            "weight": 1
          },
          {
            "type": "minecraft:item",
            "name": "mega_showdown:mawilite",
            "weight": 1
          },
          {
            "type": "minecraft:item",
            "name": "mega_showdown:medichamite",
            "weight": 1
          },
          {
            "type": "minecraft:item",
            "name": "mega_showdown:metagrossite",
            "weight": 1
          },
          {
            "type": "minecraft:item",
            "name": "mega_showdown:mewtwonite_x",
            "weight": 1
          },
          {
            "type": "minecraft:item",
            "name": "mega_showdown:mewtwonite_y",
            "weight": 1
          },
          {
            "type": "minecraft:item",
            "name": "mega_showdown:pidgeotite",
            "weight": 1
          },
          {
            "type": "minecraft:item",
            "name": "mega_showdown:pinsirite",
            "weight": 1
          },
          {
            "type": "minecraft:item",
            "name": "mega_showdown:sablenite",
            "weight": 1
          },
          {
            "type": "minecraft:item",
            "name": "mega_showdown:salamencite",
            "weight": 1
          },
          {
            "type": "minecraft:item",
            "name": "mega_showdown:sceptilite",
            "weight": 1
          },
          {
            "type": "minecraft:item",
            "name": "mega_showdown:scizorite",
            "weight": 1
          },
          {
            "type": "minecraft:item",
            "name": "mega_showdown:sharpedonite",
            "weight": 1
          },
          {
            "type": "minecraft:item",
            "name": "mega_showdown:slowbronite",
            "weight": 1
          },
          {
            "type": "minecraft:item",
            "name": "mega_showdown:steelixite",
            "weight": 1
          },
          {
            "type": "minecraft:item",
            "name": "mega_showdown:swampertite",
            "weight": 1
          },
          {
            "type": "minecraft:item",
            "name": "mega_showdown:tyranitarite",
            "weight": 1
          },
          {
            "type": "minecraft:item",
            "name": "mega_showdown:venusaurite",
            "weight": 1
          }
        ],
        "rolls": 1.0
      }
    ]
  }
