{
  "type": "loot_table",
    "pools": [
      {
        "bonus_rolls": 0.0,
        "entries": [
          {
            "type": "minecraft:item",
            "name": "mega_showdown:wishing_star",
            "weight": 1
          },
          {
            "type": "minecraft:item",
            "name": "mega_showdown:gracidea_flower",
            "weight": 1
          },
          {
            "type": "minecraft:item",
            "name": "mega_showdown:blue_orb",
            "weight": 1
          },
          {
            "type": "minecraft:item",
            "name": "mega_showdown:red_orb",
            "weight": 1
          },
          {
            "type": "minecraft:item",
            "name": "mega_showdown:adamant_orb",
            "weight": 1
          },
          {
            "type": "minecraft:item",
            "name": "mega_showdown:lustrous_orb",
            "weight": 1
          },
          {
            "type": "minecraft:item",
            "name": "mega_showdown:griseous_orb",
            "weight": 1
          },
          {
            "type": "minecraft:item",
            "name": "mega_showdown:adamant_crystal",
            "weight": 1
          },
          {
            "type": "minecraft:item",
            "name": "mega_showdown:lustrous_globe",
            "weight": 1
          },
          {
            "type": "minecraft:item",
            "name": "mega_showdown:griseous_core",
            "weight": 1
          },
          {
            "type": "minecraft:item",
            "name": "mega_showdown:zygarde_cube",
            "weight": 1
          },
          {
            "type": "minecraft:item",
            "name": "mega_showdown:rusted_sword",
            "weight": 1
          },
          {
            "type": "minecraft:item",
            "name": "mega_showdown:rusted_shield",
            "weight": 1
          },
          {
            "type": "minecraft:item",
            "name": "mega_showdown:cornerstone_mask",
            "weight": 1
          },
          {
            "type": "minecraft:item",
            "name": "mega_showdown:wellspring_mask",
            "weight": 1
          },
          {
            "type": "minecraft:item",
            "name": "mega_showdown:hearthflame_mask",
            "weight": 1
          }
        ],
        "rolls": 1.0
      }
    ]
  }
