{
  "type": "loot_table",
    "pools": [
      {
        "bonus_rolls": 0.0,
        "entries": [
          {
            "type": "minecraft:item",
            "name": "mega_showdown:bug_tera_shard",
            "weight": 1
          },
          {
            "type": "minecraft:item",
            "name": "mega_showdown:dark_tera_shard",
            "weight": 1
          },
          {
            "type": "minecraft:item",
            "name": "mega_showdown:dragon_tera_shard",
            "weight": 1
          },
          {
            "type": "minecraft:item",
            "name": "mega_showdown:electric_tera_shard",
            "weight": 1
          },
          {
            "type": "minecraft:item",
            "name": "mega_showdown:fairy_tera_shard",
            "weight": 1
          },
          {
            "type": "minecraft:item",
            "name": "mega_showdown:fighting_tera_shard",
            "weight": 1
          },
          {
            "type": "minecraft:item",
            "name": "mega_showdown:fire_tera_shard",
            "weight": 1
          },
          {
            "type": "minecraft:item",
            "name": "mega_showdown:flying_tera_shard",
            "weight": 1
          },
          {
            "type": "minecraft:item",
            "name": "mega_showdown:ghost_tera_shard",
            "weight": 1
          },
          {
            "type": "minecraft:item",
            "name": "mega_showdown:grass_tera_shard",
            "weight": 1
          },
          {
            "type": "minecraft:item",
            "name": "mega_showdown:ground_tera_shard",
            "weight": 1
          },
          {
            "type": "minecraft:item",
            "name": "mega_showdown:ice_tera_shard",
            "weight": 1
          },
          {
            "type": "minecraft:item",
            "name": "mega_showdown:normal_tera_shard",
            "weight": 1
          },
          {
            "type": "minecraft:item",
            "name": "mega_showdown:poison_tera_shard",
            "weight": 1
          },
          {
            "type": "minecraft:item",
            "name": "mega_showdown:psychic_tera_shard",
            "weight": 1
          },
          {
            "type": "minecraft:item",
            "name": "mega_showdown:rock_tera_shard",
            "weight": 1
          },
          {
            "type": "minecraft:item",
            "name": "mega_showdown:steel_tera_shard",
            "weight": 1
          },
          {
            "type": "minecraft:item",
            "name": "mega_showdown:water_tera_shard",
            "weight": 1
          },
          {
            "type": "minecraft:item",
            "name": "mega_showdown:stellar_tera_shard",
            "weight": 1
          }
        ],
        "rolls": 1.0
      }
    ]
  }
