{
    "type": "minecraft:chest",
    "pools": [
        {
            "rolls": {
                "type": "minecraft:uniform",
                "max": 1.0,
                "min": 1.0
            },
            "bonus_rolls": 0.0,
            "entries": [
                {
                    "type": "minecraft:loot_table",
                    "value": "cobblemon:sets/any_apricorn_seed",
                    "weight": 1
                }
            ]
        },
        {
            "rolls": {
                "type": "minecraft:uniform",
                "max": 12.0,
                "min": 6.0
            },
            "bonus_rolls": 0.0,
            "entries": [
                {
                    "type": "minecraft:item",
                    "name": "minecraft:bread",
                    "weight": 2
                },
                {
                    "type": "minecraft:item",
                    "name": "cobblemon:exp_candy_xs",
                    "weight": 1
                }
            ]
        },
        {
            "rolls": {
                "type": "minecraft:uniform",
                "max": 3.0,
                "min": 1.0
            },
            "bonus_rolls": 0.0,
            "entries": [
                {
                    "type": "minecraft:item",
                    "name": "cobblemon:remedy",
                    "weight": 5
                },
                {
                    "type": "minecraft:item",
                    "name": "cobblemon:awakening",
                    "weight": 1
                },
                {
                    "type": "minecraft:item",
                    "name": "cobblemon:paralyze_heal",
                    "weight": 1
                },
                {
                    "type": "minecraft:item",
                    "name": "cobblemon:antidote",
                    "weight": 1
                },
                {
                    "type": "minecraft:item",
                    "name": "cobblemon:burn_heal",
                    "weight": 1
                },
                {
                    "type": "minecraft:item",
                    "name": "cobblemon:ice_heal",
                    "weight": 1
                }
            ]
        },
        {
            "rolls": {
                "type": "minecraft:uniform",
                "max": 6.0,
                "min": 0.0
            },
            "bonus_rolls": 0.0,
            "entries": [
                {
                    "type": "minecraft:item",
                    "name": "cobblemon:oran_berry",
                    "weight": 1
                }
            ]
        }
    ],
    "random_sequence": "cobblemon:villages/village_pokecenters"
}