{
  "type": "loot_table",
  "pools": [
    {
      "bonus_rolls": 0.0,
      "entries": [
        {
          "type": "loot_table",
          "value": "academy:cobblemon/candy_t2",
          "weight": 1.0
        },
        {
          "type": "minecraft:item",
          "name": "minecraft:air",
          "weight": 3.0
        }
      ],
      "rolls": {
          "type": "minecraft:uniform",
          "max": 2.0,
          "min": 1.0
      }
    },
    {
      "bonus_rolls": 0.0,
      "entries": [
        {
          "type": "loot_table",
          "value": "academy:cobblemon/pokeballs_t1",
          "weight": 1.0
        },
        {
          "type": "minecraft:item",
          "name": "minecraft:air",
          "weight": 3.0
        }
      ],
      "rolls": {
          "type": "minecraft:uniform",
          "max": 2.0,
          "min": 1.0
      }
    },
    {
      "bonus_rolls": 0.0,
      "entries": [
        {
          "type": "loot_table",
          "value": "academy:cobblemon/medicine",
          "weight": 1.0
        },
        {
          "type": "minecraft:item",
          "name": "minecraft:air",
          "weight": 10.0
        }
      ],
      "rolls": {
          "type": "minecraft:uniform",
          "max": 1.0,
          "min": 1.0
      }
    }
  ],
  "rolls": 1.0
}
