{
  "type": "loot_table",
  "pools": [
    {
      "bonus_rolls": 0.0,
      "entries": [
        {
          "type": "loot_table",
          "value": "academy:cobblemon/candy_t3",
          "weight": 1.0
        },
        {
          "type": "minecraft:item",
          "name": "minecraft:air",
          "weight": 3.0
        }
      ],
      "rolls": {
          "type": "minecraft:uniform",
          "max": 2.0,
          "min": 1.0
      }
    },
    {
      "bonus_rolls": 0.0,
      "entries": [
        {
          "type": "loot_table",
          "value": "academy:cobblemon/pokeballs_t1",
          "weight": 1.0
        },
        {
          "type": "minecraft:item",
          "name": "minecraft:air",
          "weight": 2.0
        }
      ],
      "rolls": {
          "type": "minecraft:uniform",
          "max": 2.0,
          "min": 1.0
      }
    },
    {
      "bonus_rolls": 0.0,
      "entries": [
        {
          "type": "loot_table",
          "value": "academy:cobblemon/evfeathers",
          "weight": 1.0
        },
        {
          "type": "minecraft:item",
          "name": "minecraft:air",
          "weight": 6.0
        }
      ],
      "rolls": {
          "type": "minecraft:uniform",
          "max": 2.0,
          "min": 1.0
      }
    },
    {
      "bonus_rolls": 0.0,
      "entries": [
        {
          "type": "loot_table",
          "value": "academy:cobblemon/medicine",
          "weight": 1.0
        },
        {
          "type": "minecraft:item",
          "name": "minecraft:air",
          "weight": 4.0
        }
      ],
      "rolls": {
          "type": "minecraft:uniform",
          "max": 1.0,
          "min": 1.0
      }
    },
    {
      "bonus_rolls": 0.0,
      "entries": [
        {
          "type": "loot_table",
          "value": "academy:cobblemon/mints",
          "weight": 1.0
        },
        {
          "type": "minecraft:item",
          "name": "minecraft:air",
          "weight": 100.0
        }
      ],
      "rolls": {
          "type": "minecraft:uniform",
          "max": 1.0,
          "min": 1.0
      }
    },
    {
      "bonus_rolls": 0.0,
      "entries": [
        {
          "type": "loot_table",
          "value": "academy:cobblemon/xitems",
          "weight": 1.0
        },
        {
          "type": "minecraft:item",
          "name": "minecraft:air",
          "weight": 6.0
        }
      ],
      "rolls": {
          "type": "minecraft:uniform",
          "max": 1.0,
          "min": 1.0
      }
    },
    {
      "bonus_rolls": 0.0,
      "entries": [
        {
          "type": "loot_table",
          "value": "academy:cobblemon/evostones",
          "weight": 1.0
        },
        {
          "type": "minecraft:item",
          "name": "minecraft:air",
          "weight": 20.0
        }
      ],
      "rolls": {
          "type": "minecraft:uniform",
          "max": 2.0,
          "min": 1.0
      }
    },
    {
      "bonus_rolls": 0.0,
      "entries": [
        {
          "type": "loot_table",
          "value": "academy:gimmicks/mythicals_legendaries",
          "weight": 1.0
        },
        {
          "type": "minecraft:item",
          "name": "minecraft:air",
          "weight": 3000.0
        }
      ],
      "rolls": {
          "type": "minecraft:uniform",
          "max": 1.0,
          "min": 1.0
      }
    },
    {
      "bonus_rolls": 0.0,
      "entries": [
        {
          "type": "loot_table",
          "value": "academy:gimmicks/megastones",
          "weight": 1.0
        },
        {
          "type": "minecraft:item",
          "name": "minecraft:air",
          "weight": 3000.0
        }
      ],
      "rolls": {
          "type": "minecraft:uniform",
          "max": 1.0,
          "min": 1.0
      }
    }
  ],
  "rolls": 1.0
}
