{
  "type": "loot_table",
  "pools": [
    {
      "bonus_rolls": 0.0,
      "entries": [
        {
          "type": "loot_table",
          "value": "academy:cobblemon/candy_t6",
          "weight": 1.0
        },
        {
          "type": "minecraft:item",
          "name": "minecraft:air",
          "weight": 3.0
        }
      ],
      "rolls": {
          "type": "minecraft:uniform",
          "max": 2.0,
          "min": 1.0
      }
    },
    {
      "bonus_rolls": 0.0,
      "entries": [
        {
          "type": "loot_table",
          "value": "academy:cobblemon/medicine",
          "weight": 1.0
        },
        {
          "type": "minecraft:item",
          "name": "minecraft:air",
          "weight": 3.0
        }
      ],
      "rolls": {
          "type": "minecraft:uniform",
          "max": 2.0,
          "min": 1.0
      }
    },
    {
      "bonus_rolls": 0.0,
      "entries": [
        {
          "type": "loot_table",
          "value": "academy:cobblemon/helditems",
          "weight": 1.0
        },
        {
          "type": "minecraft:item",
          "name": "minecraft:air",
          "weight": 1.0
        }
      ],
      "rolls": {
          "type": "minecraft:uniform",
          "max": 1.0,
          "min": 1.0
      }
    },
    {
      "bonus_rolls": 0.0,
      "entries": [
        {
          "type": "loot_table",
          "value": "academy:cobblemon/vitamins",
          "weight": 1.0
        },
        {
          "type": "minecraft:item",
          "name": "minecraft:air",
          "weight": 1.0
        }
      ],
      "rolls": {
          "type": "minecraft:uniform",
          "max": 4.0,
          "min": 1.0
      }
    },
    {
      "bonus_rolls": 0.0,
      "entries": [
        {
          "type": "loot_table",
          "value": "academy:cobblemon/evoitems",
          "weight": 1.0
        },
        {
          "type": "minecraft:item",
          "name": "minecraft:air",
          "weight": 1.0
        }
      ],
      "rolls": {
          "type": "minecraft:uniform",
          "max": 1.0,
          "min": 1.0
      }
    },
    {
      "bonus_rolls": 0.0,
      "entries": [
        {
          "type": "loot_table",
          "value": "academy:cobblemon/apricornseeds",
          "weight": 1.0
        },
        {
          "type": "minecraft:item",
          "name": "minecraft:air",
          "weight": 100.0
        }
      ],
      "rolls": {
          "type": "minecraft:uniform",
          "max": 1.0,
          "min": 1.0
      }
    },
    {
      "bonus_rolls": 0.0,
      "entries": [
        {
          "type": "loot_table",
          "value": "academy:gimmicks/mythicals_legendaries",
          "weight": 1.0
        },
        {
          "type": "minecraft:item",
          "name": "minecraft:air",
          "weight": 200.0
        }
      ],
      "rolls": {
          "type": "minecraft:uniform",
          "max": 1.0,
          "min": 1.0
      }
    },
    {
      "bonus_rolls": 0.0,
      "entries": [
        {
          "type": "loot_table",
          "value": "academy:gimmicks/megastones",
          "weight": 1.0
        },
        {
          "type": "minecraft:item",
          "name": "minecraft:air",
          "weight": 100.0
        }
      ],
      "rolls": {
          "type": "minecraft:uniform",
          "max": 1.0,
          "min": 1.0
      }
    }
  ],
  "rolls": 1.0
}
