{
  "target": "cobblemon:latios",
  "implemented": false,
  "baseScale":1.15,
  "hitbox": {
    "width": 2,
    "height": 2.5,
    "fixed": false
  },

  "behaviour": {
      "moving": {
        "canLook": true,
        "walk": {
          "walkSpeed": 1.5,
          "canWalk": true,
          "avoidsLand": false
        },
      "fly": {
        "canFly": true,
        "flySpeedHorizontal": 0.7
      },
      "swim": {
        "swimSpeed": 0.2,
        "canSwimInWater": false,
        "canBreatheUnderwater": false
      }
    }
  },
  "drops": {
    "amount": 5,
    "entries": [
      {
        "item": "cobblemon:rare_candy",
        "quantityRange": "2-6"
      },
      {
        "item": "cobblemon:flying_gem",
        "percentage": 50.0
      },
      {
        "item": "minecraft:nether_star",
        "percentage": 8.0
      },
      {
        "item": "cobblemon:ability_capsule",
        "percentage": 25.0
      },
      {
        "item": "cobblemon:ability_patch",
        "percentage": 10.0
      }
    ]
  }
}