{
    "target": "cobblemon:rayquaza",
    "implemented": false,
    "aspects": [
      "base"
    ],
    "evolutions": [
      {
      "id": "rayquaza_megarayquaza",
      "variant": "level_up",
      "result": "rayquaza mega=true",
      "consumeHeldItem": false,
      "learnableMoves": [],
      "requirements": [
        {
          "variant": "has_move",
          "move": "dragonascent"
        }
      ]
    }
  ],
    "baseScale": 1.5,
    "hitbox": {
      "width": 2.5,
      "height": 3.8,
      "fixed": false
    },
    "behaviour": {
      "moving": {
        "walk": {
          "walkSpeed": 0.6,
          "canWalk": true,
          "avoidsLand": false
        },
        "fly": {
          "canFly": true
        }
      }
    },
    "forms": [
      {
        "name": "Mega",
        "primaryType": "dragon",
        "secondaryType": "flying",
        "maleRatio": -1,
        "height": 108,
        "weight": 3920,
        "pokedex": [
          "cobblemon.species.rayquaza-mega.desc"
        ],
        "labels": [
          "gen6",
          "legendary",
          "restricted",
          "mega"
        ],
        "aspects": [
          "mega"
        ],
        "abilities": [
          "deltastream",
          "h:deltastream"
        ],
        "baseStats": {
          "hp": 105,
          "attack": 180,
          "defence": 100,
          "special_attack": 180,
          "special_defence": 100,
          "speed": 115
        },
        "baseExperienceYield": 390,
        "catchRate": 45,
        "dynamaxBlocked": true,
        "evolutions": [
          {
            "id": "megarayquaza_rayquaza",
            "variant": "level_up",
            "result": "rayquaza mega=false",
            "consumeHeldItem": false,
            "learnableMoves": [],
            "requirements": [
              {
                "variant": "has_move",
                "move": "dragonascent"
              }
      ]
    }
        ],
        "battleOnly": false
      }
    ],
    "drops": {
    "amount": 5,
    "entries": [
      {
        "item": "cobblemon:rare_candy",
        "quantityRange": "2-6"
      },
      {
        "item": "cobblemon:dragon_gem",
        "percentage": 50.0
      },
      {
        "item": "minecraft:nether_star",
        "percentage": 8.0
      },
      {
        "item": "cobblemon:ability_capsule",
        "percentage": 25.0
      },
      {
        "item": "cobblemon:ability_patch",
        "percentage": 10.0
      }
    ]
  }
}