{
    "target": "cobblemon:celebi",
    "implemented": true,
        "behaviour": {
        "resting": {
            "canSleep": false,
            "depth": "normal",
            "light": "4-15"
        },
        "moving": {
            "canLook": false,
            "walk": {
                "canWalk": false,
                "avoidsLand": false
            },
            "swim": {
                "swimSpeed": 0.1,
                "canSwimInWater": false,
                "canBreatheUnderwater": false
            },
			"fly": {
			"canFly": true
			}
        }
    },
    "baseScale": 0.5,
    "hitbox": {
        "width": 0.5,
        "height": 1.4,
        "fixed": false
    },
    "drops": {
    "amount": 5,
    "entries": [
      {
        "item": "cobblemon:rare_candy",
        "quantityRange": "2-6"
      },
      {
        "item": "cobblemon:psychic_gem",
        "percentage": 50.0
      },
      {
        "item": "minecraft:nether_star",
        "percentage": 10.0
      },
      {
        "item": "cobblemon:ability_capsule",
        "percentage": 25.0
      },
      {
        "item": "cobblemon:ability_patch",
        "percentage": 10.0
      }
    ]
  }
}