{
    "enabled": true,
    "neededInstalledMods": [],
    "neededUninstalledMods": [],
    "spawns": [
        {
            "id": "haunter-1",
            "pokemon": "haunter",
            "presets": [
                "natural"
            ],
            "type": "pokemon",
            "context": "grounded",
            "bucket": "common",
            "level": "25-41",
            "weight": 0.95,
            "condition": {
                "minSkyLight": 0,
                "maxSkyLight": 0,
                "biomes": [
                    "#aether:is_aether",
                    "#cobblemon:is_overworld",
                    "#cobblemon:is_end"
                ],
                "maxLight": 0
            },
            "anticondition": {
                "biomes": [
                    "#cobblemon:is_deep_dark"
                ]
            }
        },
        {
            "id": "haunter-2",
            "pokemon": "haunter",
            "presets": [
                "derelict"
            ],
            "type": "pokemon",
            "context": "grounded",
            "bucket": "uncommon",
            "level": "25-41",
            "weight": 0.712,
            "condition": {
                "canSeeSky": false,
                "biomes": [
                    "#cobblemon:is_overworld"
                ]
            },
            "anticondition": {
                "biomes": [
                    "#cobblemon:is_deep_dark"
                ]
            }
        },
        {
            "id": "haunter-3",
            "pokemon": "haunter",
            "presets": [
                "natural"
            ],
            "type": "pokemon",
            "context": "grounded",
            "bucket": "common",
            "level": "25-41",
            "weight": 0.95,
            "condition": {
                "minSkyLight": 8,
                "maxSkyLight": 15,
                "biomes": [
                    "#cobblemon:is_spooky"
                ],
                "maxLight": 0
            }
        },
        {
            "id": "haunter-4",
            "pokemon": "haunter",
            "presets": [
                "natural"
            ],
            "type": "pokemon",
            "context": "grounded",
            "bucket": "common",
            "level": "25-41",
            "weight": 0.95,
            "condition": {
                "biomes": [
                    "#minecraft:is_nether"
                ]
            },
            "drops": {
                "amount": 3,
                "entries": [
                    {
                        "item": "cobblemon:spell_tag",
                        "percentage": 5.0
                    },
                    {
                        "item": "cobblemon:payapa_berry",
                        "percentage": 5.0
                    },
                    {
                        "item": "minecraft:ghast_tear",
                        "percentage": 10.0
                    }
                ]
            }
        }
    ]
}