{
    "enabled": true,
    "neededInstalledMods": [],
    "neededUninstalledMods": [],
    "spawns": [
        {
            "id": "unown-a-1",
            "pokemon": "unown character=a",
            "presets": [
                "natural"
            ],
            "type": "pokemon",
            "spawnablePositionType": "grounded",
            "bucket": "common",
            "level": "1-40",
            "weight": 3.769,
            "condition": {
                "biomes": [
                    "#cobblemon:is_end"
                ]
            }
        },
        {
            "id": "unown-b-1",
            "pokemon": "unown character=b",
            "presets": [
                "natural"
            ],
            "type": "pokemon",
            "spawnablePositionType": "grounded",
            "bucket": "common",
            "level": "1-40",
            "weight": 3.769,
            "condition": {
                "biomes": [
                    "#cobblemon:is_end"
                ]
            }
        },
        {
            "id": "unown-c-1",
            "pokemon": "unown character=c",
            "presets": [
                "natural"
            ],
            "type": "pokemon",
            "spawnablePositionType": "grounded",
            "bucket": "common",
            "level": "1-40",
            "weight": 3.769,
            "condition": {
                "biomes": [
                    "#cobblemon:is_end"
                ]
            }
        },
        {
            "id": "unown-d-1",
            "pokemon": "unown character=d",
            "presets": [
                "natural"
            ],
            "type": "pokemon",
            "spawnablePositionType": "grounded",
            "bucket": "common",
            "level": "1-40",
            "weight": 3.769,
            "condition": {
                "biomes": [
                    "#cobblemon:is_end"
                ]
            }
        },
        {
            "id": "unown-e-1",
            "pokemon": "unown character=e",
            "presets": [
                "natural"
            ],
            "type": "pokemon",
            "spawnablePositionType": "grounded",
            "bucket": "common",
            "level": "1-40",
            "weight": 3.769,
            "condition": {
                "biomes": [
                    "#cobblemon:is_end"
                ]
            }
        },
        {
            "id": "unown-f-1",
            "pokemon": "unown character=f",
            "presets": [
                "natural"
            ],
            "type": "pokemon",
            "spawnablePositionType": "grounded",
            "bucket": "common",
            "level": "1-40",
            "weight": 3.769,
            "condition": {
                "biomes": [
                    "#cobblemon:is_end"
                ]
            }
        },
        {
            "id": "unown-g-1",
            "pokemon": "unown character=g",
            "presets": [
                "natural"
            ],
            "type": "pokemon",
            "spawnablePositionType": "grounded",
            "bucket": "common",
            "level": "1-40",
            "weight": 3.769,
            "condition": {
                "biomes": [
                    "#cobblemon:is_end"
                ]
            }
        },
        {
            "id": "unown-h-1",
            "pokemon": "unown character=h",
            "presets": [
                "natural"
            ],
            "type": "pokemon",
            "spawnablePositionType": "grounded",
            "bucket": "common",
            "level": "1-40",
            "weight": 3.769,
            "condition": {
                "biomes": [
                    "#cobblemon:is_end"
                ]
            }
        },
        {
            "id": "unown-i-1",
            "pokemon": "unown character=i",
            "presets": [
                "natural"
            ],
            "type": "pokemon",
            "spawnablePositionType": "grounded",
            "bucket": "common",
            "level": "1-40",
            "weight": 3.769,
            "condition": {
                "biomes": [
                    "#cobblemon:is_end"
                ]
            }
        },
        {
            "id": "unown-j-1",
            "pokemon": "unown character=j",
            "presets": [
                "natural"
            ],
            "type": "pokemon",
            "spawnablePositionType": "grounded",
            "bucket": "common",
            "level": "1-40",
            "weight": 3.769,
            "condition": {
                "biomes": [
                    "#cobblemon:is_end"
                ]
            }
        },
        {
            "id": "unown-k-1",
            "pokemon": "unown character=k",
            "presets": [
                "natural"
            ],
            "type": "pokemon",
            "spawnablePositionType": "grounded",
            "bucket": "common",
            "level": "1-40",
            "weight": 3.769,
            "condition": {
                "biomes": [
                    "#cobblemon:is_end"
                ]
            }
        },
        {
            "id": "unown-l-1",
            "pokemon": "unown character=l",
            "presets": [
                "natural"
            ],
            "type": "pokemon",
            "spawnablePositionType": "grounded",
            "bucket": "common",
            "level": "1-40",
            "weight": 3.769,
            "condition": {
                "biomes": [
                    "#cobblemon:is_end"
                ]
            }
        },
        {
            "id": "unown-m-1",
            "pokemon": "unown character=m",
            "presets": [
                "natural"
            ],
            "type": "pokemon",
            "spawnablePositionType": "grounded",
            "bucket": "common",
            "level": "1-40",
            "weight": 3.769,
            "condition": {
                "biomes": [
                    "#cobblemon:is_end"
                ]
            }
        },
        {
            "id": "unown-n-1",
            "pokemon": "unown character=n",
            "presets": [
                "natural"
            ],
            "type": "pokemon",
            "spawnablePositionType": "grounded",
            "bucket": "common",
            "level": "1-40",
            "weight": 3.769,
            "condition": {
                "biomes": [
                    "#cobblemon:is_end"
                ]
            }
        },
        {
            "id": "unown-o-1",
            "pokemon": "unown character=o",
            "presets": [
                "natural"
            ],
            "type": "pokemon",
            "spawnablePositionType": "grounded",
            "bucket": "common",
            "level": "1-40",
            "weight": 3.769,
            "condition": {
                "biomes": [
                    "#cobblemon:is_end"
                ]
            }
        },
        {
            "id": "unown-p-1",
            "pokemon": "unown character=p",
            "presets": [
                "natural"
            ],
            "type": "pokemon",
            "spawnablePositionType": "grounded",
            "bucket": "common",
            "level": "1-40",
            "weight": 3.769,
            "condition": {
                "biomes": [
                    "#cobblemon:is_end"
                ]
            }
        },
        {
            "id": "unown-q-1",
            "pokemon": "unown character=q",
            "presets": [
                "natural"
            ],
            "type": "pokemon",
            "spawnablePositionType": "grounded",
            "bucket": "common",
            "level": "1-40",
            "weight": 3.769,
            "condition": {
                "biomes": [
                    "#cobblemon:is_end"
                ]
            }
        },
        {
            "id": "unown-r-1",
            "pokemon": "unown character=r",
            "presets": [
                "natural"
            ],
            "type": "pokemon",
            "spawnablePositionType": "grounded",
            "bucket": "common",
            "level": "1-40",
            "weight": 3.769,
            "condition": {
                "biomes": [
                    "#cobblemon:is_end"
                ]
            }
        },
        {
            "id": "unown-s-1",
            "pokemon": "unown character=s",
            "presets": [
                "natural"
            ],
            "type": "pokemon",
            "spawnablePositionType": "grounded",
            "bucket": "common",
            "level": "1-40",
            "weight": 3.769,
            "condition": {
                "biomes": [
                    "#cobblemon:is_end"
                ]
            }
        },
        {
            "id": "unown-t-1",
            "pokemon": "unown character=t",
            "presets": [
                "natural"
            ],
            "type": "pokemon",
            "spawnablePositionType": "grounded",
            "bucket": "common",
            "level": "1-40",
            "weight": 3.769,
            "condition": {
                "biomes": [
                    "#cobblemon:is_end"
                ]
            }
        },
        {
            "id": "unown-u-1",
            "pokemon": "unown character=u",
            "presets": [
                "natural"
            ],
            "type": "pokemon",
            "spawnablePositionType": "grounded",
            "bucket": "common",
            "level": "1-40",
            "weight": 3.769,
            "condition": {
                "biomes": [
                    "#cobblemon:is_end"
                ]
            }
        },
        {
            "id": "unown-v-1",
            "pokemon": "unown character=v",
            "presets": [
                "natural"
            ],
            "type": "pokemon",
            "spawnablePositionType": "grounded",
            "bucket": "common",
            "level": "1-40",
            "weight": 3.769,
            "condition": {
                "biomes": [
                    "#cobblemon:is_end"
                ]
            }
        },
        {
            "id": "unown-w-1",
            "pokemon": "unown character=w",
            "presets": [
                "natural"
            ],
            "type": "pokemon",
            "spawnablePositionType": "grounded",
            "bucket": "common",
            "level": "1-40",
            "weight": 3.769,
            "condition": {
                "biomes": [
                    "#cobblemon:is_end"
                ]
            }
        },
        {
            "id": "unown-x-1",
            "pokemon": "unown character=x",
            "presets": [
                "natural"
            ],
            "type": "pokemon",
            "spawnablePositionType": "grounded",
            "bucket": "common",
            "level": "1-40",
            "weight": 3.769,
            "condition": {
                "biomes": [
                    "#cobblemon:is_end"
                ]
            }
        },
        {
            "id": "unown-y-1",
            "pokemon": "unown character=y",
            "presets": [
                "natural"
            ],
            "type": "pokemon",
            "spawnablePositionType": "grounded",
            "bucket": "common",
            "level": "1-40",
            "weight": 3.769,
            "condition": {
                "biomes": [
                    "#cobblemon:is_end"
                ]
            }
        },
        {
            "id": "unown-z-1",
            "pokemon": "unown character=z",
            "presets": [
                "natural"
            ],
            "type": "pokemon",
            "spawnablePositionType": "grounded",
            "bucket": "common",
            "level": "1-40",
            "weight": 3.769,
            "condition": {
                "biomes": [
                    "#cobblemon:is_end"
                ]
            }
        },
        {
            "id": "unown-!-2",
            "pokemon": "unown character=!",
            "presets": [
                "natural"
            ],
            "type": "pokemon",
            "spawnablePositionType": "grounded",
            "bucket": "common",
            "level": "1-40",
            "weight": 1.0,
            "condition": {
                "biomes": [
                    "#cobblemon:is_end"
                ]
            }
        },
        {
            "id": "unown-?-2",
            "pokemon": "unown character=?",
            "presets": [
                "natural"
            ],
            "type": "pokemon",
            "spawnablePositionType": "grounded",
            "bucket": "common",
            "level": "1-40",
            "weight": 1.0,
            "condition": {
                "biomes": [
                    "#cobblemon:is_end"
                ]
            }
        },
        {
            "id": "unown-a-3",
            "pokemon": "unown character=a",
            "presets": [
                "trail_ruins"
            ],
            "type": "pokemon",
            "spawnablePositionType": "grounded",
            "bucket": "common",
            "level": "1-40",
            "weight": 0.754,
            "condition": {
                "biomes": [
                    "#cobblemon:is_overworld"
                ],
                "minY": 48
            }
        },
        {
            "id": "unown-b-3",
            "pokemon": "unown character=b",
            "presets": [
                "trail_ruins"
            ],
            "type": "pokemon",
            "spawnablePositionType": "grounded",
            "bucket": "common",
            "level": "1-40",
            "weight": 0.754,
            "condition": {
                "biomes": [
                    "#cobblemon:is_overworld"
                ],
                "minY": 48
            }
        },
        {
            "id": "unown-c-3",
            "pokemon": "unown character=c",
            "presets": [
                "trail_ruins"
            ],
            "type": "pokemon",
            "spawnablePositionType": "grounded",
            "bucket": "common",
            "level": "1-40",
            "weight": 0.754,
            "condition": {
                "biomes": [
                    "#cobblemon:is_overworld"
                ],
                "minY": 48
            }
        },
        {
            "id": "unown-d-3",
            "pokemon": "unown character=d",
            "presets": [
                "trail_ruins"
            ],
            "type": "pokemon",
            "spawnablePositionType": "grounded",
            "bucket": "common",
            "level": "1-40",
            "weight": 0.754,
            "condition": {
                "biomes": [
                    "#cobblemon:is_overworld"
                ],
                "minY": 48
            }
        },
        {
            "id": "unown-e-3",
            "pokemon": "unown character=e",
            "presets": [
                "trail_ruins"
            ],
            "type": "pokemon",
            "spawnablePositionType": "grounded",
            "bucket": "common",
            "level": "1-40",
            "weight": 0.754,
            "condition": {
                "biomes": [
                    "#cobblemon:is_overworld"
                ],
                "minY": 48
            }
        },
        {
            "id": "unown-f-3",
            "pokemon": "unown character=f",
            "presets": [
                "trail_ruins"
            ],
            "type": "pokemon",
            "spawnablePositionType": "grounded",
            "bucket": "common",
            "level": "1-40",
            "weight": 0.754,
            "condition": {
                "biomes": [
                    "#cobblemon:is_overworld"
                ],
                "minY": 48
            }
        },
        {
            "id": "unown-g-3",
            "pokemon": "unown character=g",
            "presets": [
                "trail_ruins"
            ],
            "type": "pokemon",
            "spawnablePositionType": "grounded",
            "bucket": "common",
            "level": "1-40",
            "weight": 0.754,
            "condition": {
                "biomes": [
                    "#cobblemon:is_overworld"
                ],
                "minY": 48
            }
        },
        {
            "id": "unown-h-3",
            "pokemon": "unown character=h",
            "presets": [
                "trail_ruins"
            ],
            "type": "pokemon",
            "spawnablePositionType": "grounded",
            "bucket": "common",
            "level": "1-40",
            "weight": 0.754,
            "condition": {
                "biomes": [
                    "#cobblemon:is_overworld"
                ],
                "minY": 48
            }
        },
        {
            "id": "unown-i-3",
            "pokemon": "unown character=i",
            "presets": [
                "trail_ruins"
            ],
            "type": "pokemon",
            "spawnablePositionType": "grounded",
            "bucket": "common",
            "level": "1-40",
            "weight": 0.754,
            "condition": {
                "biomes": [
                    "#cobblemon:is_overworld"
                ],
                "minY": 48
            }
        },
        {
            "id": "unown-j-3",
            "pokemon": "unown character=j",
            "presets": [
                "trail_ruins"
            ],
            "type": "pokemon",
            "spawnablePositionType": "grounded",
            "bucket": "common",
            "level": "1-40",
            "weight": 0.754,
            "condition": {
                "biomes": [
                    "#cobblemon:is_overworld"
                ],
                "minY": 48
            }
        },
        {
            "id": "unown-k-3",
            "pokemon": "unown character=k",
            "presets": [
                "trail_ruins"
            ],
            "type": "pokemon",
            "spawnablePositionType": "grounded",
            "bucket": "common",
            "level": "1-40",
            "weight": 0.754,
            "condition": {
                "biomes": [
                    "#cobblemon:is_overworld"
                ],
                "minY": 48
            }
        },
        {
            "id": "unown-l-3",
            "pokemon": "unown character=l",
            "presets": [
                "trail_ruins"
            ],
            "type": "pokemon",
            "spawnablePositionType": "grounded",
            "bucket": "common",
            "level": "1-40",
            "weight": 0.754,
            "condition": {
                "biomes": [
                    "#cobblemon:is_overworld"
                ],
                "minY": 48
            }
        },
        {
            "id": "unown-m-3",
            "pokemon": "unown character=m",
            "presets": [
                "trail_ruins"
            ],
            "type": "pokemon",
            "spawnablePositionType": "grounded",
            "bucket": "common",
            "level": "1-40",
            "weight": 0.754,
            "condition": {
                "biomes": [
                    "#cobblemon:is_overworld"
                ],
                "minY": 48
            }
        },
        {
            "id": "unown-n-3",
            "pokemon": "unown character=n",
            "presets": [
                "trail_ruins"
            ],
            "type": "pokemon",
            "spawnablePositionType": "grounded",
            "bucket": "common",
            "level": "1-40",
            "weight": 0.754,
            "condition": {
                "biomes": [
                    "#cobblemon:is_overworld"
                ],
                "minY": 48
            }
        },
        {
            "id": "unown-o-3",
            "pokemon": "unown character=o",
            "presets": [
                "trail_ruins"
            ],
            "type": "pokemon",
            "spawnablePositionType": "grounded",
            "bucket": "common",
            "level": "1-40",
            "weight": 0.754,
            "condition": {
                "biomes": [
                    "#cobblemon:is_overworld"
                ],
                "minY": 48
            }
        },
        {
            "id": "unown-p-3",
            "pokemon": "unown character=p",
            "presets": [
                "trail_ruins"
            ],
            "type": "pokemon",
            "spawnablePositionType": "grounded",
            "bucket": "common",
            "level": "1-40",
            "weight": 0.754,
            "condition": {
                "biomes": [
                    "#cobblemon:is_overworld"
                ],
                "minY": 48
            }
        },
        {
            "id": "unown-q-3",
            "pokemon": "unown character=q",
            "presets": [
                "trail_ruins"
            ],
            "type": "pokemon",
            "spawnablePositionType": "grounded",
            "bucket": "common",
            "level": "1-40",
            "weight": 0.754,
            "condition": {
                "biomes": [
                    "#cobblemon:is_overworld"
                ],
                "minY": 48
            }
        },
        {
            "id": "unown-r-3",
            "pokemon": "unown character=r",
            "presets": [
                "trail_ruins"
            ],
            "type": "pokemon",
            "spawnablePositionType": "grounded",
            "bucket": "common",
            "level": "1-40",
            "weight": 0.754,
            "condition": {
                "biomes": [
                    "#cobblemon:is_overworld"
                ],
                "minY": 48
            }
        },
        {
            "id": "unown-s-3",
            "pokemon": "unown character=s",
            "presets": [
                "trail_ruins"
            ],
            "type": "pokemon",
            "spawnablePositionType": "grounded",
            "bucket": "common",
            "level": "1-40",
            "weight": 0.754,
            "condition": {
                "biomes": [
                    "#cobblemon:is_overworld"
                ],
                "minY": 48
            }
        },
        {
            "id": "unown-t-3",
            "pokemon": "unown character=t",
            "presets": [
                "trail_ruins"
            ],
            "type": "pokemon",
            "spawnablePositionType": "grounded",
            "bucket": "common",
            "level": "1-40",
            "weight": 0.754,
            "condition": {
                "biomes": [
                    "#cobblemon:is_overworld"
                ],
                "minY": 48
            }
        },
        {
            "id": "unown-u-3",
            "pokemon": "unown character=u",
            "presets": [
                "trail_ruins"
            ],
            "type": "pokemon",
            "spawnablePositionType": "grounded",
            "bucket": "common",
            "level": "1-40",
            "weight": 0.754,
            "condition": {
                "biomes": [
                    "#cobblemon:is_overworld"
                ],
                "minY": 48
            }
        },
        {
            "id": "unown-v-3",
            "pokemon": "unown character=v",
            "presets": [
                "trail_ruins"
            ],
            "type": "pokemon",
            "spawnablePositionType": "grounded",
            "bucket": "common",
            "level": "1-40",
            "weight": 0.754,
            "condition": {
                "biomes": [
                    "#cobblemon:is_overworld"
                ],
                "minY": 48
            }
        },
        {
            "id": "unown-w-3",
            "pokemon": "unown character=w",
            "presets": [
                "trail_ruins"
            ],
            "type": "pokemon",
            "spawnablePositionType": "grounded",
            "bucket": "common",
            "level": "1-40",
            "weight": 0.754,
            "condition": {
                "biomes": [
                    "#cobblemon:is_overworld"
                ],
                "minY": 48
            }
        },
        {
            "id": "unown-x-3",
            "pokemon": "unown character=x",
            "presets": [
                "trail_ruins"
            ],
            "type": "pokemon",
            "spawnablePositionType": "grounded",
            "bucket": "common",
            "level": "1-40",
            "weight": 0.754,
            "condition": {
                "biomes": [
                    "#cobblemon:is_overworld"
                ],
                "minY": 48
            }
        },
        {
            "id": "unown-y-3",
            "pokemon": "unown character=y",
            "presets": [
                "trail_ruins"
            ],
            "type": "pokemon",
            "spawnablePositionType": "grounded",
            "bucket": "common",
            "level": "1-40",
            "weight": 0.754,
            "condition": {
                "biomes": [
                    "#cobblemon:is_overworld"
                ],
                "minY": 48
            }
        },
        {
            "id": "unown-z-3",
            "pokemon": "unown character=z",
            "presets": [
                "trail_ruins"
            ],
            "type": "pokemon",
            "spawnablePositionType": "grounded",
            "bucket": "common",
            "level": "1-40",
            "weight": 0.754,
            "condition": {
                "biomes": [
                    "#cobblemon:is_overworld"
                ],
                "minY": 48
            }
        },
        {
            "id": "unown-!-4",
            "pokemon": "unown character=!",
            "presets": [
                "trail_ruins"
            ],
            "type": "pokemon",
            "spawnablePositionType": "grounded",
            "bucket": "common",
            "level": "1-40",
            "weight": 0.2,
            "condition": {
                "biomes": [
                    "#cobblemon:is_overworld"
                ],
                "minY": 48
            }
        },
        {
            "id": "unown-?-4",
            "pokemon": "unown character=?",
            "presets": [
                "trail_ruins"
            ],
            "type": "pokemon",
            "spawnablePositionType": "grounded",
            "bucket": "common",
            "level": "1-40",
            "weight": 0.2,
            "condition": {
                "biomes": [
                    "#cobblemon:is_overworld"
                ],
                "minY": 48
            }
        },
        {
            "id": "unown-a-5",
            "pokemon": "unown character=a",
            "type": "pokemon",
            "spawnablePositionType": "grounded",
            "bucket": "common",
            "level": "1-40",
            "weight": 3.769,
            "condition": {
                "biomes": [
                    "the_bumblezone:howling_constructs"
                ]
            },
            "anticondition": {
                "structures": [
                    "#the_bumblezone:sempiternal_sanctums"
                ]
            }
        },
        {
            "id": "unown-b-5",
            "pokemon": "unown character=b",
            "type": "pokemon",
            "spawnablePositionType": "grounded",
            "bucket": "common",
            "level": "1-40",
            "weight": 3.769,
            "condition": {
                "biomes": [
                    "the_bumblezone:howling_constructs"
                ]
            },
            "anticondition": {
                "structures": [
                    "#the_bumblezone:sempiternal_sanctums"
                ]
            }
        },
        {
            "id": "unown-c-5",
            "pokemon": "unown character=c",
            "type": "pokemon",
            "spawnablePositionType": "grounded",
            "bucket": "common",
            "level": "1-40",
            "weight": 3.769,
            "condition": {
                "biomes": [
                    "the_bumblezone:howling_constructs"
                ]
            },
            "anticondition": {
                "structures": [
                    "#the_bumblezone:sempiternal_sanctums"
                ]
            }
        },
        {
            "id": "unown-d-5",
            "pokemon": "unown character=d",
            "type": "pokemon",
            "spawnablePositionType": "grounded",
            "bucket": "common",
            "level": "1-40",
            "weight": 3.769,
            "condition": {
                "biomes": [
                    "the_bumblezone:howling_constructs"
                ]
            },
            "anticondition": {
                "structures": [
                    "#the_bumblezone:sempiternal_sanctums"
                ]
            }
        },
        {
            "id": "unown-e-5",
            "pokemon": "unown character=e",
            "type": "pokemon",
            "spawnablePositionType": "grounded",
            "bucket": "common",
            "level": "1-40",
            "weight": 3.769,
            "condition": {
                "biomes": [
                    "the_bumblezone:howling_constructs"
                ]
            },
            "anticondition": {
                "structures": [
                    "#the_bumblezone:sempiternal_sanctums"
                ]
            }
        },
        {
            "id": "unown-f-5",
            "pokemon": "unown character=f",
            "type": "pokemon",
            "spawnablePositionType": "grounded",
            "bucket": "common",
            "level": "1-40",
            "weight": 3.769,
            "condition": {
                "biomes": [
                    "the_bumblezone:howling_constructs"
                ]
            },
            "anticondition": {
                "structures": [
                    "#the_bumblezone:sempiternal_sanctums"
                ]
            }
        },
        {
            "id": "unown-g-5",
            "pokemon": "unown character=g",
            "type": "pokemon",
            "spawnablePositionType": "grounded",
            "bucket": "common",
            "level": "1-40",
            "weight": 3.769,
            "condition": {
                "biomes": [
                    "the_bumblezone:howling_constructs"
                ]
            },
            "anticondition": {
                "structures": [
                    "#the_bumblezone:sempiternal_sanctums"
                ]
            }
        },
        {
            "id": "unown-h-5",
            "pokemon": "unown character=h",
            "type": "pokemon",
            "spawnablePositionType": "grounded",
            "bucket": "common",
            "level": "1-40",
            "weight": 3.769,
            "condition": {
                "biomes": [
                    "the_bumblezone:howling_constructs"
                ]
            },
            "anticondition": {
                "structures": [
                    "#the_bumblezone:sempiternal_sanctums"
                ]
            }
        },
        {
            "id": "unown-i-5",
            "pokemon": "unown character=i",
            "type": "pokemon",
            "spawnablePositionType": "grounded",
            "bucket": "common",
            "level": "1-40",
            "weight": 3.769,
            "condition": {
                "biomes": [
                    "the_bumblezone:howling_constructs"
                ]
            },
            "anticondition": {
                "structures": [
                    "#the_bumblezone:sempiternal_sanctums"
                ]
            }
        },
        {
            "id": "unown-j-5",
            "pokemon": "unown character=j",
            "type": "pokemon",
            "spawnablePositionType": "grounded",
            "bucket": "common",
            "level": "1-40",
            "weight": 3.769,
            "condition": {
                "biomes": [
                    "the_bumblezone:howling_constructs"
                ]
            },
            "anticondition": {
                "structures": [
                    "#the_bumblezone:sempiternal_sanctums"
                ]
            }
        },
        {
            "id": "unown-k-5",
            "pokemon": "unown character=k",
            "type": "pokemon",
            "spawnablePositionType": "grounded",
            "bucket": "common",
            "level": "1-40",
            "weight": 3.769,
            "condition": {
                "biomes": [
                    "the_bumblezone:howling_constructs"
                ]
            },
            "anticondition": {
                "structures": [
                    "#the_bumblezone:sempiternal_sanctums"
                ]
            }
        },
        {
            "id": "unown-l-5",
            "pokemon": "unown character=l",
            "type": "pokemon",
            "spawnablePositionType": "grounded",
            "bucket": "common",
            "level": "1-40",
            "weight": 3.769,
            "condition": {
                "biomes": [
                    "the_bumblezone:howling_constructs"
                ]
            },
            "anticondition": {
                "structures": [
                    "#the_bumblezone:sempiternal_sanctums"
                ]
            }
        },
        {
            "id": "unown-m-5",
            "pokemon": "unown character=m",
            "type": "pokemon",
            "spawnablePositionType": "grounded",
            "bucket": "common",
            "level": "1-40",
            "weight": 3.769,
            "condition": {
                "biomes": [
                    "the_bumblezone:howling_constructs"
                ]
            },
            "anticondition": {
                "structures": [
                    "#the_bumblezone:sempiternal_sanctums"
                ]
            }
        },
        {
            "id": "unown-n-5",
            "pokemon": "unown character=n",
            "type": "pokemon",
            "spawnablePositionType": "grounded",
            "bucket": "common",
            "level": "1-40",
            "weight": 3.769,
            "condition": {
                "biomes": [
                    "the_bumblezone:howling_constructs"
                ]
            },
            "anticondition": {
                "structures": [
                    "#the_bumblezone:sempiternal_sanctums"
                ]
            }
        },
        {
            "id": "unown-o-5",
            "pokemon": "unown character=o",
            "type": "pokemon",
            "spawnablePositionType": "grounded",
            "bucket": "common",
            "level": "1-40",
            "weight": 3.769,
            "condition": {
                "biomes": [
                    "the_bumblezone:howling_constructs"
                ]
            },
            "anticondition": {
                "structures": [
                    "#the_bumblezone:sempiternal_sanctums"
                ]
            }
        },
        {
            "id": "unown-p-5",
            "pokemon": "unown character=p",
            "type": "pokemon",
            "spawnablePositionType": "grounded",
            "bucket": "common",
            "level": "1-40",
            "weight": 3.769,
            "condition": {
                "biomes": [
                    "the_bumblezone:howling_constructs"
                ]
            },
            "anticondition": {
                "structures": [
                    "#the_bumblezone:sempiternal_sanctums"
                ]
            }
        },
        {
            "id": "unown-q-5",
            "pokemon": "unown character=q",
            "type": "pokemon",
            "spawnablePositionType": "grounded",
            "bucket": "common",
            "level": "1-40",
            "weight": 3.769,
            "condition": {
                "biomes": [
                    "the_bumblezone:howling_constructs"
                ]
            },
            "anticondition": {
                "structures": [
                    "#the_bumblezone:sempiternal_sanctums"
                ]
            }
        },
        {
            "id": "unown-r-5",
            "pokemon": "unown character=r",
            "type": "pokemon",
            "spawnablePositionType": "grounded",
            "bucket": "common",
            "level": "1-40",
            "weight": 3.769,
            "condition": {
                "biomes": [
                    "the_bumblezone:howling_constructs"
                ]
            },
            "anticondition": {
                "structures": [
                    "#the_bumblezone:sempiternal_sanctums"
                ]
            }
        },
        {
            "id": "unown-s-5",
            "pokemon": "unown character=s",
            "type": "pokemon",
            "spawnablePositionType": "grounded",
            "bucket": "common",
            "level": "1-40",
            "weight": 3.769,
            "condition": {
                "biomes": [
                    "the_bumblezone:howling_constructs"
                ]
            },
            "anticondition": {
                "structures": [
                    "#the_bumblezone:sempiternal_sanctums"
                ]
            }
        },
        {
            "id": "unown-t-5",
            "pokemon": "unown character=t",
            "type": "pokemon",
            "spawnablePositionType": "grounded",
            "bucket": "common",
            "level": "1-40",
            "weight": 3.769,
            "condition": {
                "biomes": [
                    "the_bumblezone:howling_constructs"
                ]
            },
            "anticondition": {
                "structures": [
                    "#the_bumblezone:sempiternal_sanctums"
                ]
            }
        },
        {
            "id": "unown-u-5",
            "pokemon": "unown character=u",
            "type": "pokemon",
            "spawnablePositionType": "grounded",
            "bucket": "common",
            "level": "1-40",
            "weight": 3.769,
            "condition": {
                "biomes": [
                    "the_bumblezone:howling_constructs"
                ]
            },
            "anticondition": {
                "structures": [
                    "#the_bumblezone:sempiternal_sanctums"
                ]
            }
        },
        {
            "id": "unown-v-5",
            "pokemon": "unown character=v",
            "type": "pokemon",
            "spawnablePositionType": "grounded",
            "bucket": "common",
            "level": "1-40",
            "weight": 3.769,
            "condition": {
                "biomes": [
                    "the_bumblezone:howling_constructs"
                ]
            },
            "anticondition": {
                "structures": [
                    "#the_bumblezone:sempiternal_sanctums"
                ]
            }
        },
        {
            "id": "unown-w-5",
            "pokemon": "unown character=w",
            "type": "pokemon",
            "spawnablePositionType": "grounded",
            "bucket": "common",
            "level": "1-40",
            "weight": 3.769,
            "condition": {
                "biomes": [
                    "the_bumblezone:howling_constructs"
                ]
            },
            "anticondition": {
                "structures": [
                    "#the_bumblezone:sempiternal_sanctums"
                ]
            }
        },
        {
            "id": "unown-x-5",
            "pokemon": "unown character=x",
            "type": "pokemon",
            "spawnablePositionType": "grounded",
            "bucket": "common",
            "level": "1-40",
            "weight": 3.769,
            "condition": {
                "biomes": [
                    "the_bumblezone:howling_constructs"
                ]
            },
            "anticondition": {
                "structures": [
                    "#the_bumblezone:sempiternal_sanctums"
                ]
            }
        },
        {
            "id": "unown-y-5",
            "pokemon": "unown character=y",
            "type": "pokemon",
            "spawnablePositionType": "grounded",
            "bucket": "common",
            "level": "1-40",
            "weight": 3.769,
            "condition": {
                "biomes": [
                    "the_bumblezone:howling_constructs"
                ]
            },
            "anticondition": {
                "structures": [
                    "#the_bumblezone:sempiternal_sanctums"
                ]
            }
        },
        {
            "id": "unown-z-5",
            "pokemon": "unown character=z",
            "type": "pokemon",
            "spawnablePositionType": "grounded",
            "bucket": "common",
            "level": "1-40",
            "weight": 3.769,
            "condition": {
                "biomes": [
                    "the_bumblezone:howling_constructs"
                ]
            },
            "anticondition": {
                "structures": [
                    "#the_bumblezone:sempiternal_sanctums"
                ]
            }
        },
        {
            "id": "unown-!-6",
            "pokemon": "unown character=!",
            "type": "pokemon",
            "spawnablePositionType": "grounded",
            "bucket": "common",
            "level": "1-40",
            "weight": 1.0,
            "condition": {
                "biomes": [
                    "the_bumblezone:howling_constructs"
                ]
            },
            "anticondition": {
                "structures": [
                    "#the_bumblezone:sempiternal_sanctums"
                ]
            }
        },
        {
            "id": "unown-?-6",
            "pokemon": "unown character=?",
            "type": "pokemon",
            "spawnablePositionType": "grounded",
            "bucket": "common",
            "level": "1-40",
            "weight": 1.0,
            "condition": {
                "biomes": [
                    "the_bumblezone:howling_constructs"
                ]
            },
            "anticondition": {
                "structures": [
                    "#the_bumblezone:sempiternal_sanctums"
                ]
            }
        }
    ]
}