{
    "enabled": true,
    "neededInstalledMods": [],
    "neededUninstalledMods": [],
    "spawns": [
        {
            "id": "tinkatink-1",
            "pokemon": "tinkatink",
            "presets": [
                "natural",
                "wild"
            ],
            "type": "pokemon",
            "context": "grounded",
            "bucket": "rare",
            "level": "5-30",
            "weight": 18.0,
            "condition": {
                "minSkyLight": 8,
                "maxSkyLight": 15,
                "biomes": [
                    "#cobblemon:is_overworld"
                ],
                "structures": [
                    "#cobblemon:ruin"
                ]
            }
        },
        {
            "id": "tinkatink-2",
            "pokemon": "tinkatink",
            "type": "pokemon",
            "context": "grounded",
            "bucket": "uncommon",
            "level": "5-30",
            "weight": 8.4,
            "condition": {
                "minSkyLight": 0,
                "maxSkyLight": 7,
                "biomes": [
                    "#aether:is_aether"
                ],
                "structures": [
                    "#aether:dungeons"
                ]
            }
        }
    ]
}