{
    "enabled": true,
    "neededInstalledMods": [],
    "neededUninstalledMods": [],
    "spawns": [
        {
            "id": "tinkaton-1",
            "pokemon": "tinkaton",
            "presets": [
                "natural",
                "wild"
            ],
            "type": "pokemon",
            "context": "grounded",
            "bucket": "rare",
            "level": "38-51",
            "weight": 0.2,
            "condition": {
                "minSkyLight": 8,
                "maxSkyLight": 15,
                "biomes": [
                    "#cobblemon:is_overworld"
                ],
                "structures": [
                    "#cobblemon:ruin"
                ]
            }
        },
        {
            "id": "tinkaton-2",
            "pokemon": "tinkaton",
            "type": "pokemon",
            "context": "grounded",
            "bucket": "uncommon",
            "level": "38-51",
            "weight": 0.16,
            "condition": {
                "minSkyLight": 0,
                "maxSkyLight": 7,
                "biomes": [
                    "#aether:is_aether"
                ],
                "structures": [
                    "#aether:dungeons"
                ]
            }
        }
    ]
}