{
  "implemented": true,
  "nationalPokedexNumber": 255,
  "name": "Torchic",
  "primaryType": "fire",
  "maleRatio": 0.875,
  "height": 4,
  "weight": 25,
  "pokedex": [
    "cobblemon.species.torchic.desc"
  ],
  "labels": [
    "gen3",
    "starter"
  ],
  "aspects": [],
  "abilities": [
    "blaze",
    "h:speedboost"
  ],
  "eggGroups": [
    "field"
  ],
  "baseStats": {
    "hp": 45,
    "attack": 60,
    "defence": 40,
    "special_attack": 70,
    "special_defence": 50,
    "speed": 45
  },
  "evYield": {
    "hp": 0,
    "attack": 0,
    "defence": 0,
    "special_attack": 1,
    "special_defence": 0,
    "speed": 0
  },
  "baseExperienceYield": 62,
  "experienceGroup": "medium_slow",
  "catchRate": 45,
  "eggCycles": 20,
  "baseFriendship": 50,
  "shoulderMountable": true,
  "baseScale": 0.6,
  "hitbox": {
    "width": 0.8,
    "height": 1.1,
    "fixed": false
  },
  "drops": {
    "amount": 3,
    "entries": [
      {
        "item": "minecraft:feather",
        "quantityRange": "0-1"
      },
      {
        "item": "minecraft:chicken"
      },
      {
        "item": "cobblemon:charcoal_stick",
        "percentage": 5.0
      }
    ]
  },
  "moves": [
    "1:scratch",
    "1:growl",
    "1:peck",
    "3:ember",
    "6:quickattack",
    "9:flamecharge",
    "12:detect",
    "15:sandattack",
    "18:aerialace",
    "21:slash",
    "24:bounce",
    "27:focusenergy",
    "30:flamethrower",
    "33:featherdance",
    "36:reversal",
    "39:flareblitz",
    "egg:counter",
    "egg:crushclaw",
    "egg:feint",
    "egg:flameburst",
    "egg:lastresort",
    "egg:mirrormove",
    "egg:nightslash",
    "egg:peck",
    "egg:smellingsalts",
    "egg:swagger",
    "tm:aerialace",
    "tm:agility",
    "tm:assurance",
    "tm:batonpass",
    "tm:bodyslam",
    "tm:bounce",
    "tm:curse",
    "tm:cut",
    "tm:dig",
    "tm:doubleedge",
    "tm:echoedvoice",
    "tm:endure",
    "tm:facade",
    "tm:featherdance",
    "tm:fireblast",
    "tm:firepledge",
    "tm:firespin",
    "tm:flamecharge",
    "tm:flamethrower",
    "tm:flareblitz",
    "tm:focusenergy",
    "tm:headbutt",
    "tm:heatwave",
    "tm:helpinghand",
    "tm:honeclaws",
    "tm:incinerate",
    "tm:lastresort",
    "tm:lowkick",
    "tm:megakick",
    "tm:megapunch",
    "tm:overheat",
    "tm:protect",
    "tm:rest",
    "tm:reversal",
    "tm:rockslide",
    "tm:rocksmash",
    "tm:rocktomb",
    "tm:shadowclaw",
    "tm:sleeptalk",
    "tm:strength",
    "tm:substitute",
    "tm:sunnyday",
    "tm:swagger",
    "tm:swift",
    "tm:swordsdance",
    "tm:takedown",
    "tm:temperflare",
    "tm:terablast",
    "tm:uproar",
    "tm:willowisp",
    "tm:workup",
    "tutor:aerialace",
    "tutor:bounce",
    "tutor:firepledge",
    "tutor:flamethrower",
    "tutor:focusenergy",
    "tutor:heatwave",
    "tutor:helpinghand",
    "tutor:lastresort",
    "tutor:lowkick",
    "tutor:rest",
    "tutor:rockslide",
    "tutor:rocksmash",
    "tutor:shadowclaw",
    "tutor:sleeptalk",
    "tutor:swift",
    "tutor:uproar"
  ],
  "evolutions": [
    {
      "id": "torchic_combusken",
      "variant": "level_up",
      "result": "combusken",
      "consumeHeldItem": false,
      "learnableMoves": [
        "doublekick"
      ],
      "requirements": [
        {
          "variant": "level",
          "minLevel": 16
        }
      ]
    }
  ]
}