{
  "implemented": true,
  "nationalPokedexNumber": 252,
  "name": "Treecko",
  "primaryType": "grass",
  "maleRatio": 0.875,
  "height": 5,
  "weight": 50,
  "pokedex": [
    "cobblemon.species.treecko.desc"
  ],
  "labels": [
    "gen3",
    "starter"
  ],
  "aspects": [],
  "abilities": [
    "overgrow",
    "h:unburden"
  ],
  "eggGroups": [
    "monster",
    "dragon"
  ],
  "baseStats": {
    "hp": 40,
    "attack": 45,
    "defence": 35,
    "special_attack": 65,
    "special_defence": 55,
    "speed": 70
  },
  "evYield": {
    "hp": 0,
    "attack": 0,
    "defence": 0,
    "special_attack": 0,
    "special_defence": 0,
    "speed": 1
  },
  "baseExperienceYield": 62,
  "experienceGroup": "medium_slow",
  "catchRate": 45,
  "eggCycles": 20,
  "baseFriendship": 50,
  "shoulderMountable": true,
  "baseScale": 0.65,
  "hitbox": {
    "width": 0.6,
    "height": 1.4,
    "fixed": false
  },
  "behaviour": {
    "resting": {
      "canSleep": true,
      "willSleepOnBed": true,
      "light": "0-4"
    }
  },
  "drops": {
    "amount": 2,
    "entries": [
      {
        "item": "minecraft:stick",
        "quantityRange": "0-1"
      },
      {
        "item": "cobblemon:miracle_seed",
        "percentage": 5.0
      }
    ]
  },
  "moves": [
    "1:pound",
    "1:leer",
    "1:absorb",
    "3:leafage",
    "6:quickattack",
    "9:megadrain",
    "12:detect",
    "15:quickguard",
    "18:assurance",
    "21:gigadrain",
    "24:slam",
    "27:doubleteam",
    "30:energyball",
    "33:screech",
    "36:endeavor",
    "39:leafstorm",
    "egg:absorb",
    "egg:crushclaw",
    "egg:doublekick",
    "egg:dragonbreath",
    "egg:grasswhistle",
    "egg:leechseed",
    "egg:mudsport",
    "egg:naturalgift",
    "egg:nightslash",
    "egg:pursuit",
    "egg:razorwind",
    "egg:slash",
    "egg:synthesis",
    "egg:worryseed",
    "tm:acrobatics",
    "tm:aerialace",
    "tm:agility",
    "tm:assurance",
    "tm:breakingswipe",
    "tm:brickbreak",
    "tm:bulletseed",
    "tm:crunch",
    "tm:cut",
    "tm:dig",
    "tm:doubleteam",
    "tm:dragontail",
    "tm:drainpunch",
    "tm:endeavor",
    "tm:endure",
    "tm:energyball",
    "tm:facade",
    "tm:flash",
    "tm:fling",
    "tm:furycutter",
    "tm:gigadrain",
    "tm:grassknot",
    "tm:grasspledge",
    "tm:grassyglide",
    "tm:grassyterrain",
    "tm:headbutt",
    "tm:helpinghand",
    "tm:irontail",
    "tm:leafstorm",
    "tm:lowkick",
    "tm:magicalleaf",
    "tm:megakick",
    "tm:megapunch",
    "tm:naturalgift",
    "tm:naturepower",
    "tm:poweruppunch",
    "tm:protect",
    "tm:rest",
    "tm:rockslide",
    "tm:rocksmash",
    "tm:rocktomb",
    "tm:safeguard",
    "tm:screech",
    "tm:seedbomb",
    "tm:sleeptalk",
    "tm:solarbeam",
    "tm:strength",
    "tm:substitute",
    "tm:sunnyday",
    "tm:swift",
    "tm:swordsdance",
    "tm:synthesis",
    "tm:takedown",
    "tm:terablast",
    "tm:thief",
    "tm:thunderpunch",
    "tm:trailblaze",
    "tm:upperhand",
    "tm:workup",
    "tm:worryseed",
    "tutor:aerialace",
    "tutor:drainpunch",
    "tutor:endeavor",
    "tutor:energyball",
    "tutor:furycutter",
    "tutor:gigadrain",
    "tutor:grasspledge",
    "tutor:grassyglide",
    "tutor:helpinghand",
    "tutor:irontail",
    "tutor:lowkick",
    "tutor:magicalleaf",
    "tutor:rest",
    "tutor:rockslide",
    "tutor:rocksmash",
    "tutor:seedbomb",
    "tutor:sleeptalk",
    "tutor:swift",
    "tutor:synthesis",
    "tutor:thunderpunch",
    "tutor:worryseed"
  ],
  "evolutions": [
    {
      "id": "treecko_grovyle",
      "variant": "level_up",
      "result": "grovyle",
      "consumeHeldItem": false,
      "learnableMoves": [
        "furycutter"
      ],
      "requirements": [
        {
          "variant": "level",
          "minLevel": 16
        }
      ]
    }
  ]
}