{
  "type": "minecraft:chest",
  "pools": [
    {
      "bonus_rolls": 0.0,
      "entries": [
        {
          "type": "loot_table",
          "value": "academy:basic/t3",
					"weight": 10
        },
				{
          "type": "loot_table",
          "value": "academy:basic/t4",
					"weight": 2
        },
				{
          "type": "loot_table",
          "value": "academy:basic/t5",
					"weight": 1
        }
      ],
      "rolls": {
          "type": "minecraft:uniform",
          "max": 1.0,
          "min": 1.0
        }
    },
    {
      "rolls": {
        "min": {
          "min": 1,
          "max": 6
        },
        "max": 5
      },
      "entries": [
        {
          "type": "minecraft:item",
          "name": "minecraft:basalt",
          "weight": 5
        },
        {
          "type": "minecraft:item",
          "name": "minecraft:coal_ore",
          "weight": 4
        },
        {
          "type": "minecraft:item",
          "name": "minecraft:coal",
          "weight": 5
        },
        {
          "type": "minecraft:item",
          "name": "minecraft:charcoal",
          "weight": 5
        },
        {
          "type": "minecraft:item",
          "name": "minecraft:deepslate_coal_ore",
          "weight": 4
        },
        {
          "type": "minecraft:item",
          "name": "minecraft:cobbled_deepslate",
          "weight": 3
        },
        {
          "type": "minecraft:item",
          "name": "minecraft:deepslate",
          "weight": 3
        },
        {
          "type": "minecraft:item",
          "name": "minecraft:stone",
          "weight": 3
        }
      ],
      "functions": [
        {
          "function": "minecraft:set_count",
          "count": {
            "min": 3,
            "max": 8
          }
        }
      ]
    },
    {
      "rolls": 1,
      "entries": [
        {
          "type": "minecraft:item",
          "name": "minecraft:mud"
        },
        {
          "type": "minecraft:item",
          "name": "minecraft:smooth_basalt"
        },
        {
          "type": "minecraft:item",
          "name": "minecraft:blackstone"
        },
        {
          "type": "minecraft:item",
          "name": "minecraft:wither_rose"
        },
        {
          "type": "minecraft:item",
          "name": "minecraft:basalt"
        },
        {
          "type": "minecraft:item",
          "name": "minecraft:flint"
        }
      ],
      "functions": [
        {
          "function": "minecraft:set_count",
          "count": {
            "min": 3,
            "max": 15
          }
        }
      ]
    },
    {
      "rolls": 1,
      "entries": [
        {
          "type": "minecraft:item",
          "name": "minecraft:coal_block",
          "functions": [
            {
              "function": "minecraft:set_count",
              "count": {
                "min": 0,
                "max": 4
              }
            }
          ]
        }
      ]
    },
    {
      "rolls": 1,
      "entries": [
        {
          "type": "minecraft:item",
          "name": "minecraft:leather_helmet",
          "functions": []
        },
        {
          "type": "minecraft:item",
          "name": "minecraft:leather_chestplate",
          "functions": []
        },
        {
          "type": "minecraft:item",
          "name": "minecraft:leather_leggings",
          "functions": []
        },
        {
          "type": "minecraft:item",
          "name": "minecraft:leather_boots",
          "functions": []
        }
      ],
      "functions": [
        {
          "function": "minecraft:enchant_with_levels",
          "levels": {
            "min": 0,
            "max": 10
          }
        },
        {
          "function": "minecraft:set_components",
          "components": {
            "minecraft:dyed_color": {
              "rgb": 0
            }
          }
        }
      ],
      "conditions": [
        {
          "condition": "minecraft:random_chance",
          "chance": 0.3
        }
      ]
    }
  ]
}
