{
  "type": "minecraft:chest",
  "pools": [
    {
      "bonus_rolls": 0.0,
      "entries": [
        {
          "type": "loot_table",
          "value": "academy:basic/t3",
					"weight": 10
        },
				{
          "type": "loot_table",
          "value": "academy:basic/t4",
					"weight": 2
        },
				{
          "type": "loot_table",
          "value": "academy:basic/t5",
					"weight": 1
        }
      ],
      "rolls": {
          "type": "minecraft:uniform",
          "max": 1.0,
          "min": 1.0
        }
    },
    {
      "rolls": {
        "min": 5,
        "max": 6
      },
      "entries": [
        {
          "type": "minecraft:item",
          "name": "minecraft:end_rod",
          "weight": 2
        },
        {
          "type": "minecraft:item",
          "name": "minecraft:painting",
          "weight": 2
        },
        {
          "type": "minecraft:item",
          "name": "minecraft:flower_pot",
          "weight": 2
        },
        {
          "type": "minecraft:item",
          "name": "minecraft:lantern",
          "weight": 2
        },
        {
          "type": "minecraft:item",
          "name": "minecraft:tinted_glass",
          "weight": 2
        },
        {
          "type": "minecraft:item",
          "name": "minecraft:glow_item_frame",
          "weight": 2
        },
        {
          "type": "minecraft:item",
          "name": "minecraft:flint",
          "weight": 2
        },
        {
          "type": "minecraft:item",
          "name": "minecraft:leather",
          "weight": 2
        }
      ],
      "functions": [
        {
          "function": "minecraft:set_count",
          "count": {
            "min": 4,
            "max": 8
          }
        }
      ]
    },
    {
      "rolls": 1,
      "entries": [
        {
          "type": "minecraft:item",
          "name": "minecraft:leather_boots"
        },
        {
          "type": "minecraft:item",
          "name": "minecraft:leather_leggings"
        },
        {
          "type": "minecraft:item",
          "name": "minecraft:leather_chestplate"
        },
        {
          "type": "minecraft:item",
          "name": "minecraft:leather_helmet"
        }
      ],
      "functions": [
        {
          "function": "minecraft:enchant_with_levels",
          "levels": {
            "min": 0,
            "max": 10
          }
        }
      ]
    }
  ]
}