{
  "type": "minecraft:chest",
  "pools": [
    {
      "bonus_rolls": 0.0,
      "entries": [
        {
          "type": "loot_table",
          "value": "academy:basic/t3",
					"weight": 10
        },
				{
          "type": "loot_table",
          "value": "academy:basic/t4",
					"weight": 2
        },
				{
          "type": "loot_table",
          "value": "academy:basic/t5",
					"weight": 1
        }
      ],
      "rolls": {
          "type": "minecraft:uniform",
          "max": 1.0,
          "min": 1.0
        }
    },
    {
      "rolls": {
        "min": 4,
        "max": 12
      },
      "bonus_rolls": 2,
      "entries": [
        {
          "type": "minecraft:item",
          "name": "minecraft:granite",
          "weight": 2
        },
        {
          "type": "minecraft:item",
          "name": "minecraft:stone",
          "weight": 2
        },
        {
          "type": "minecraft:item",
          "name": "minecraft:tuff",
          "weight": 2
        },
        {
          "type": "minecraft:item",
          "name": "minecraft:calcite",
          "weight": 2
        },
        {
          "type": "minecraft:item",
          "name": "minecraft:dripstone_block",
          "weight": 2
        },
        {
          "type": "minecraft:item",
          "name": "minecraft:coal",
          "weight": 1
        },
        {
          "type": "minecraft:item",
          "name": "minecraft:charcoal",
          "weight": 1
        }
      ],
      "functions": [
        {
          "function": "minecraft:set_count",
          "count": {
            "min": 6,
            "max": 20
          }
        }
      ]
    },
    {
      "rolls": 1,
      "entries": [
        {
          "type": "minecraft:item",
          "name": "minecraft:creeper_banner_pattern"
        },
        {
          "type": "minecraft:item",
          "name": "minecraft:flow_banner_pattern"
        },
        {
          "type": "minecraft:item",
          "name": "minecraft:flower_banner_pattern"
        },
        {
          "type": "minecraft:item",
          "name": "minecraft:globe_banner_pattern"
        },
        {
          "type": "minecraft:item",
          "name": "minecraft:guster_banner_pattern"
        },
        {
          "type": "minecraft:item",
          "name": "minecraft:mojang_banner_pattern"
        },
        {
          "type": "minecraft:item",
          "name": "minecraft:piglin_banner_pattern"
        },
        {
          "type": "minecraft:item",
          "name": "minecraft:skull_banner_pattern"
        }
      ]
    },
    {
      "rolls": 1,
      "entries": [
        {
          "type": "minecraft:item",
          "name": "minecraft:emerald",
          "functions": [
            {
              "function": "minecraft:set_count",
              "count": {
                "type": "minecraft:uniform",
                "min": 6,
                "max": 16
              }
            }
          ]
        }
      ]
    }
  ]
}