{
  "type": "minecraft:chest",
  "pools": [
    {
      "bonus_rolls": 0.0,
      "entries": [
        {
          "type": "loot_table",
          "value": "academy:basic/t3",
					"weight": 10
        },
				{
          "type": "loot_table",
          "value": "academy:basic/t4",
					"weight": 2
        },
				{
          "type": "loot_table",
          "value": "academy:basic/t5",
					"weight": 1
        }
      ],
      "rolls": {
          "type": "minecraft:uniform",
          "max": 1.0,
          "min": 1.0
        }
    },
    {
      "rolls": {
        "min": 5,
        "max": 8
      },
      "bonus_rolls": 2,
      "entries": [
        {
          "type": "minecraft:item",
          "name": "minecraft:melon",
          "weight": 2
        },
        {
          "type": "minecraft:item",
          "name": "minecraft:glow_lichen",
          "weight": 2
        },
        {
          "type": "minecraft:item",
          "name": "minecraft:dandelion",
          "weight": 2,
          "conditions": []
        },
        {
          "type": "minecraft:item",
          "name": "minecraft:mangrove_propagule",
          "weight": 2
        },
        {
          "type": "minecraft:item",
          "name": "minecraft:grass_block",
          "weight": 2
        },
        {
          "type": "minecraft:item",
          "name": "minecraft:bamboo",
          "weight": 2
        },
        {
          "type": "minecraft:item",
          "name": "minecraft:moss_block",
          "weight": 2
        },
        {
          "type": "minecraft:item",
          "name": "minecraft:sugar_cane",
          "weight": 2
        },
        {
          "type": "minecraft:item",
          "name": "minecraft:flowering_azalea_leaves",
          "weight": 2
        },
        {
          "type": "minecraft:item",
          "name": "minecraft:lily_of_the_valley",
          "weight": 2
        },
        {
          "type": "minecraft:item",
          "name": "minecraft:kelp",
          "weight": 2
        },
        {
          "type": "minecraft:item",
          "name": "minecraft:blue_orchid",
          "weight": 2
        },
        {
          "type": "minecraft:item",
          "name": "minecraft:oak_leaves",
          "weight": 2
        },
        {
          "type": "minecraft:item",
          "name": "minecraft:rose_bush",
          "weight": 2
        },
        {
          "type": "minecraft:item",
          "name": "minecraft:spore_blossom",
          "weight": 1
        },
        {
          "type": "minecraft:item",
          "name": "minecraft:coarse_dirt",
          "weight": 2
        },
        {
          "type": "minecraft:item",
          "name": "minecraft:red_tulip",
          "weight": 2
        },
        {
          "type": "minecraft:item",
          "name": "minecraft:oak_sapling",
          "weight": 2
        },
        {
          "type": "minecraft:item",
          "name": "minecraft:spruce_sapling",
          "weight": 2
        },
        {
          "type": "minecraft:item",
          "name": "minecraft:dark_oak_sapling",
          "weight": 2
        }
      ],
      "functions": [
        {
          "function": "minecraft:set_count",
          "count": {
            "min": 5,
            "max": 10
          }
        }
      ]
    },
    {
      "rolls": 1,
      "entries": [
        {
          "type": "minecraft:item",
          "name": "minecraft:emerald"
        },
        {
          "type": "minecraft:item",
          "name": "minecraft:deepslate_emerald_ore"
        },
        {
          "type": "minecraft:item",
          "name": "minecraft:emerald_ore"
        }
      ],
      "functions": [
        {
          "function": "minecraft:set_count",
          "count": {
            "min": 5,
            "max": 15
          }
        }
      ]
    }
  ]
}