{
  "type": "minecraft:chest",
  "pools": [
    {
      "bonus_rolls": 0.0,
      "entries": [
        {
          "type": "loot_table",
          "value": "academy:basic/t4",
					"weight": 15
        },
				{
          "type": "loot_table",
          "value": "academy:basic/t5",
					"weight": 3
        },
				{
          "type": "loot_table",
          "value": "academy:basic/t6",
					"weight": 1
        }
      ],
      "rolls": {
          "type": "minecraft:uniform",
          "max": 1.0,
          "min": 1.0
        }
    },
    {
      "rolls": {
        "min": 2,
        "max": 6
      },
      "entries": [
        {
          "type": "minecraft:item",
          "name": "minecraft:acacia_log",
          "weight": 1
        },
        {
          "type": "minecraft:item",
          "name": "minecraft:birch_log",
          "weight": 1
        },
        {
          "type": "minecraft:item",
          "name": "minecraft:dark_oak_log",
          "weight": 1
        },
        {
          "type": "minecraft:item",
          "name": "minecraft:jungle_log",
          "weight": 1
        },
        {
          "type": "minecraft:item",
          "name": "minecraft:oak_log",
          "weight": 1
        },
        {
          "type": "minecraft:item",
          "name": "minecraft:spruce_log",
          "weight": 1
        },
        {
          "type": "minecraft:item",
          "name": "minecraft:jungle_log",
          "weight": 1
        }
      ],
      "functions": [
        {
          "function": "minecraft:set_count",
          "count": {
            "min": 16,
            "max": 32
          }
        }
      ]
    },
    {
      "rolls": 1,
      "entries": [
        {
          "type": "minecraft:item",
          "name": "minecraft:stick"
        },
        {
          "type": "minecraft:item",
          "name": "minecraft:oak_leaves"
        },
        {
          "type": "minecraft:item",
          "name": "minecraft:spruce_leaves"
        }
      ],
      "functions": [
        {
          "function": "minecraft:set_count",
          "count": {
            "min": 10,
            "max": 25
          }
        }
      ]
    },
    {
      "rolls": 1,
      "entries": [
        {
          "type": "minecraft:item",
          "name": "minecraft:leather_boots"
        },
        {
          "type": "minecraft:item",
          "name": "minecraft:leather_leggings"
        },
        {
          "type": "minecraft:item",
          "name": "minecraft:leather_chestplate"
        },
        {
          "type": "minecraft:item",
          "name": "minecraft:leather_helmet"
        },
        {
          "type": "minecraft:item",
          "name": "minecraft:leather_horse_armor"
        }
      ],
      "functions": [
        {
          "function": "minecraft:set_components",
          "components": {
            "minecraft:dyed_color": {
              "rgb": 2394680
            }
          }
        },
        {
          "function": "minecraft:enchant_with_levels",
          "levels": {
            "min": 0,
            "max": 10
          }
        }
      ]
    }
  ]
}