{
    "target": "cobblemon:cresselia",
    "implemented": false,
        "behaviour": {
        "resting": {
            "canSleep": true,
            "depth": "normal",
            "light": "4-15"
        },
        "moving": {
            "canLook": false,
            "walk": {
                "canWalk": true,
                "avoidsLand": false
            },
            "swim": {
                "swimSpeed": 1,
                "canSwimInWater": true,
                "canBreatheUnderwater": true
            },
			"fly": {
			"canFly": true
			}
        }
    },
    "baseScale": 1,
    "hitbox": {
      "width": 2,
      "height": 2,
      "fixed": false
    },
    "drops": {
    "amount": 5,
    "entries": [
      {
        "item": "cobblemon:rare_candy",
        "quantityRange": "2-6"
      },
      {
        "item": "cobblemon:psychic_gem",
        "percentage": 50.0
      },
      {
        "item": "minecraft:nether_star",
        "percentage": 8.0
      },
      {
        "item": "cobblemon:ability_capsule",
        "percentage": 25.0
      },
      {
        "item": "cobblemon:ability_patch",
        "percentage": 10.0
      }
    ]
  }
}