{
    "target": "cobblemon:darkrai",
    "implemented": true,
    "baseScale": 1,
    "hitbox": {
      "width": 1.1,
      "height": 2.9,
      "fixed": false
    },
    "behaviour": {
      "moving": {
        "walk": {
          "walkSpeed": 0.6,
          "canWalk": true,
          "avoidsLand": false
        },
        "fly": {
          "canFly": true
        }
      }
    },
    "drops": {
    "amount": 5,
    "entries": [
      {
        "item": "cobblemon:rare_candy",
        "quantityRange": "2-6"
      },
      {
        "item": "cobblemon:dark_gem",
        "percentage": 50.0
      },
      {
        "item": "minecraft:nether_star",
        "percentage": 8.0
      },
      {
        "item": "cobblemon:ability_capsule",
        "percentage": 25.0
      },
      {
        "item": "cobblemon:ability_patch",
        "percentage": 10.0
      }
    ]
  }
}