{
    "target": "cobblemon:purugly",   
    "implemented": true,
    "baseScale": 0.8,
    "drops": {
    "amount": "3",
      "entries": [
        {
          "item": "cobblemon:cheri_berry",
          "percentage": 5.0
        },
        {
          "item": "minecraft:raw_cod",
          "quantityRange": "1-2",
          "percentage": 33
        }
      ]
    },
    "behaviour": {
      "resting": {
        "canSleep": true,
        "willSleepOnBed": true,
        "depth": "normal",
        "light": "0-4"
      }
    }
}