{
  "target": "cobblemon:togekiss",
  "implemented": true,
        "behaviour": {
        "resting": {
            "canSleep": true,
            "depth": "normal",
            "light": "4-15"
        },
        "moving": {
            "canLook": false,
            "walk": {
                "canWalk": true,
                "avoidsLand": false
            },
            "swim": {
                "swimSpeed": 0.1,
                "canSwimInWater": false,
                "canBreatheUnderwater": false
            },
			"fly": {
			"canFly": true
			}
        }
    },
  "baseScale": 1.0,
  "hitbox": {
    "width": 1,
    "height": 1,
    "fixed": false
  }
}