{
  "type": "loot_table",
  "pools": [
    {
      "bonus_rolls": 0.0,
      "entries": [
        {
          "type": "minecraft:item",
          "functions": [
            {
              "count": {
                "type": "minecraft:uniform",
                "max": 4.0,
                "min": 1.0
              },
              "function": "minecraft:set_count"
            }
          ],
          "name": "cobblemon:exp_candy_xs",
          "weight": 1
        },
        {
          "type": "minecraft:item",
          "functions": [
            {
              "count": {
                "type": "minecraft:uniform",
                "max": 6.0,
                "min": 1.0
              },
              "function": "minecraft:set_count"
            }
          ],
          "name": "cobblemon:exp_candy_xs",
          "weight": 1
        },
        {
          "type": "minecraft:item",
          "functions": [
            {
              "count": {
                "type": "minecraft:uniform",
                "max": 1.0,
                "min": 1.0
              },
              "function": "minecraft:set_count"
            }
          ],
          "name": "cobblemon:rare_candy",
          "weight": 1
        }
      ],
      "rolls": {
          "type": "minecraft:uniform",
          "max": 2.0,
          "min": 1.0
      }
    },
    {
      "bonus_rolls": 0.0,
      "entries": [
        {
          "type": "loot_table",
          "value": "academy:cobblemon/tumblestones"
        }
      ],
      "rolls": {
          "type": "minecraft:uniform",
          "max": 1.0,
          "min": 1.0
      }
    },
    {
      "bonus_rolls": 0.0,
      "entries": [
        {
          "type": "loot_table",
          "value": "academy:cobblemon/evostones",
          "weight": 8.0
        },
        {
          "type": "loot_table",
          "value": "academy:cobblemon/evoitems",
          "weight": 1.0
        }
      ],
      "rolls": {
          "type": "minecraft:uniform",
          "max": 1.0,
          "min": 1.0
      }
    },
    {
      "bonus_rolls": 0.0,
      "entries": [
        {
          "type": "loot_table",
          "value": "academy:cobblemon/vitamins",
          "weight": 4.0
        },
        {
          "type": "loot_table",
          "value": "academy:cobblemon/xitems",
          "weight": 4.0
        },
        {
          "type": "loot_table",
          "value": "academy:cobblemon/medicine",
          "weight": 4.0
        },
        {
          "type": "loot_table",
          "value": "academy:cobblemon/helditems",
          "weight": 1.0
        }
      ],
      "rolls": {
          "type": "minecraft:uniform",
          "max": 2.0,
          "min": 1.0
      }
    }
  ],
  "rolls": 1.0
}