{
  "implemented": true,
  "nationalPokedexNumber": 4,
  "name": "Charmander",
  "primaryType": "fire",
  "maleRatio": 0.875,
  "height": 6,
  "weight": 85,
  "pokedex": [
    "cobblemon.species.charmander.desc"
  ],
  "labels": [
    "gen1",
    "starter"
  ],
  "aspects": [],
  "abilities": [
    "blaze",
    "h:solarpower"
  ],
  "eggGroups": [
    "monster",
    "dragon"
  ],
  "baseStats": {
    "hp": 39,
    "attack": 52,
    "defence": 43,
    "special_attack": 60,
    "special_defence": 50,
    "speed": 65
  },
  "evYield": {
    "hp": 0,
    "attack": 0,
    "defence": 0,
    "special_attack": 0,
    "special_defence": 0,
    "speed": 1
  },
  "baseExperienceYield": 62,
  "experienceGroup": "medium_slow",
  "catchRate": 45,
  "eggCycles": 20,
  "baseFriendship": 50,
  "shoulderMountable": true,
  "baseScale": 0.65,
  "hitbox": {
    "width": 0.75,
    "height": 1.3,
    "fixed": false
  },
  "behaviour": {
    "moving": {
      "walk": {
        "walkSpeed": 0.245
      },
      "swim": {
        "swimSpeed": 0.1,
        "canWalkOnWater": true,
        "canSwimInLava": true
      }
    },
    "resting": {
      "canSleep": true,
      "willSleepOnBed": true,
      "light": "0-4"
    }
  },
  "drops": {
    "amount": 2,
    "entries": [
      {
        "item": "minecraft:blaze_powder",
        "quantityRange": "0-1"
      },
      {
        "item": "cobblemon:charcoal_stick",
        "percentage": 5.0
      }
    ]
  },
  "moves": [
    "1:scratch",
    "1:growl",
    "4:ember",
    "8:smokescreen",
    "12:dragonbreath",
    "17:firefang",
    "20:slash",
    "24:flamethrower",
    "28:flameburst",
    "32:firespin",
    "36:inferno",
    "40:flareblitz",
    "egg:ancientpower",
    "egg:bellydrum",
    "egg:bite",
    "egg:counter",
    "egg:dragonrage",
    "egg:dragonrush",
    "egg:dragontail",
    "egg:irontail",
    "egg:metalclaw",
    "egg:wingattack",
    "tm:ancientpower",
    "tm:beatup",
    "tm:bodyslam",
    "tm:breakingswipe",
    "tm:brickbreak",
    "tm:crunch",
    "tm:cut",
    "tm:dig",
    "tm:dragonclaw",
    "tm:dragondance",
    "tm:dragonpulse",
    "tm:dragontail",
    "tm:echoedvoice",
    "tm:endure",
    "tm:facade",
    "tm:falseswipe",
    "tm:fireblast",
    "tm:firefang",
    "tm:firepledge",
    "tm:firepunch",
    "tm:firespin",
    "tm:flamecharge",
    "tm:flamethrower",
    "tm:flareblitz",
    "tm:fling",
    "tm:focusblast",
    "tm:focuspunch",
    "tm:furycutter",
    "tm:headbutt",
    "tm:heatwave",
    "tm:helpinghand",
    "tm:honeclaws",
    "tm:incinerate",
    "tm:irontail",
    "tm:megakick",
    "tm:megapunch",
    "tm:metalclaw",
    "tm:outrage",
    "tm:overheat",
    "tm:poweruppunch",
    "tm:protect",
    "tm:rest",
    "tm:roar",
    "tm:rockslide",
    "tm:rocksmash",
    "tm:rocktomb",
    "tm:scaryface",
    "tm:shadowclaw",
    "tm:sleeptalk",
    "tm:strength",
    "tm:substitute",
    "tm:sunnyday",
    "tm:swift",
    "tm:swordsdance",
    "tm:takedown",
    "tm:temperflare",
    "tm:terablast",
    "tm:thunderpunch",
    "tm:weatherball",
    "tm:willowisp",
    "tm:workup",
    "tutor:ancientpower",
    "tutor:dragonpulse",
    "tutor:falseswipe",
    "tutor:firefang",
    "tutor:firepledge",
    "tutor:firepunch",
    "tutor:flamethrower",
    "tutor:focuspunch",
    "tutor:furycutter",
    "tutor:heatwave",
    "tutor:helpinghand",
    "tutor:irontail",
    "tutor:outrage",
    "tutor:rest",
    "tutor:rockslide",
    "tutor:rocksmash",
    "tutor:shadowclaw",
    "tutor:sleeptalk",
    "tutor:swift",
    "tutor:thunderpunch"
  ],
  "evolutions": [
    {
      "id": "charmander_charmeleon",
      "variant": "level_up",
      "result": "charmeleon",
      "consumeHeldItem": false,
      "learnableMoves": [],
      "requirements": [
        {
          "variant": "level",
          "minLevel": 16
        }
      ]
    }
  ]
}