{
  "implemented": true,
  "nationalPokedexNumber": 133,
  "name": "Eevee",
  "primaryType": "normal",
  "maleRatio": 0.875,
  "height": 3,
  "weight": 65,
  "pokedex": [
    "cobblemon.species.eevee.desc"
  ],
  "labels": [
    "gen1"
  ],
  "aspects": [],
  "abilities": [
    "runaway",
    "adaptability",
    "h:anticipation"
  ],
  "eggGroups": [
    "field"
  ],
  "baseStats": {
    "hp": 55,
    "attack": 55,
    "defence": 50,
    "special_attack": 45,
    "special_defence": 65,
    "speed": 55
  },
  "evYield": {
    "hp": 0,
    "attack": 0,
    "defence": 0,
    "special_attack": 0,
    "special_defence": 1,
    "speed": 0
  },
  "baseExperienceYield": 65,
  "experienceGroup": "medium_fast",
  "catchRate": 45,
  "eggCycles": 35,
  "baseFriendship": 50,
  "shoulderMountable": true,
  "baseScale": 0.5,
  "hitbox": {
    "width": 0.9,
    "height": 1,
    "fixed": false
  },
  "drops": {
    "amount": 2,
    "entries": [
      {
        "item": "cobblemon:silk_scarf",
        "percentage": 5.0
      },
      {
        "item": "cobblemon:eviolite",
        "percentage": 5.0
      }
    ]
  },
  "moves": [
    "1:tailwhip",
    "1:tackle",
    "1:helpinghand",
    "1:growl",
    "1:covet",
    "5:sandattack",
    "10:quickattack",
    "15:babydolleyes",
    "20:refresh",
    "25:bite",
    "30:copycat",
    "35:batonpass",
    "40:takedown",
    "45:trumpcard",
    "50:doubleedge",
    "55:lastresort",
    "egg:captivate",
    "egg:curse",
    "egg:detect",
    "egg:doublekick",
    "egg:flail",
    "egg:mudslap",
    "egg:naturalgift",
    "egg:synchronoise",
    "egg:tickle",
    "egg:wish",
    "egg:yawn",
    "tm:alluringvoice",
    "tm:babydolleyes",
    "tm:batonpass",
    "tm:bodyslam",
    "tm:calmmind",
    "tm:captivate",
    "tm:charm",
    "tm:covet",
    "tm:curse",
    "tm:dig",
    "tm:doubleedge",
    "tm:echoedvoice",
    "tm:endure",
    "tm:facade",
    "tm:faketears",
    "tm:focusenergy",
    "tm:headbutt",
    "tm:healbell",
    "tm:helpinghand",
    "tm:hypervoice",
    "tm:irontail",
    "tm:laserfocus",
    "tm:lastresort",
    "tm:mudslap",
    "tm:naturalgift",
    "tm:payday",
    "tm:protect",
    "tm:raindance",
    "tm:rest",
    "tm:retaliate",
    "tm:roar",
    "tm:shadowball",
    "tm:sleeptalk",
    "tm:storedpower",
    "tm:substitute",
    "tm:sunnyday",
    "tm:swift",
    "tm:takedown",
    "tm:terablast",
    "tm:trailblaze",
    "tm:weatherball",
    "tm:workup",
    "tutor:babydolleyes",
    "tutor:calmmind",
    "tutor:covet",
    "tutor:focusenergy",
    "tutor:healbell",
    "tutor:helpinghand",
    "tutor:hypervoice",
    "tutor:irontail",
    "tutor:laserfocus",
    "tutor:lastresort",
    "tutor:mudslap",
    "tutor:rest",
    "tutor:shadowball",
    "tutor:sleeptalk",
    "tutor:swift"
  ],
  "evolutions": [
    {
      "id": "eevee_jolteon",
      "variant": "item_interact",
      "result": "jolteon",
      "consumeHeldItem": true,
      "learnableMoves": [
        "thundershock"
      ],
      "requirements": [],
      "requiredContext": "cobblemon:thunder_stone"
    },
    {
      "id": "eevee_vaporeon",
      "variant": "item_interact",
      "result": "vaporeon",
      "consumeHeldItem": true,
      "learnableMoves": [
        "watergun"
      ],
      "requirements": [],
      "requiredContext": "cobblemon:water_stone"
    },
    {
      "id": "eevee_flareon",
      "variant": "item_interact",
      "result": "flareon",
      "consumeHeldItem": true,
      "learnableMoves": [
        "ember"
      ],
      "requirements": [],
      "requiredContext": "cobblemon:fire_stone"
    },
    {
      "id": "eevee_espeon",
      "variant": "level_up",
      "result": "espeon",
      "consumeHeldItem": true,
      "learnableMoves": [
        "confusion"
      ],
      "requirements": [
        {
          "variant": "friendship",
          "amount": 160
        },
        {
          "variant": "time_range",
          "range": "day"
        }
      ]
    },
    {
      "id": "eevee_umbreon",
      "variant": "level_up",
      "result": "umbreon",
      "consumeHeldItem": true,
      "learnableMoves": [
        "pursuit",
        "snarl"
      ],
      "requirements": [
        {
          "variant": "friendship",
          "amount": 160
        },
        {
          "variant": "time_range",
          "range": "night"
        }
      ]
    },
    {
      "id": "eevee_sylveon",
      "variant": "level_up",
      "result": "sylveon",
      "consumeHeldItem": false,
      "learnableMoves": [
        "fairywind",
        "disarmingvoice"
      ],
      "requirements": [
        {
          "variant": "friendship",
          "amount": 160
        },
        {
          "variant": "has_move_type",
          "type": "fairy"
        }
      ]
    },
    {
      "id": "eevee_leafeon",
      "variant": "item_interact",
      "result": "leafeon",
      "consumeHeldItem": true,
      "learnableMoves": [
        "razorleaf"
      ],
      "requirements": [],
      "requiredContext": "cobblemon:leaf_stone"
    },
    {
      "id": "eevee_glaceon",
      "variant": "item_interact",
      "result": "glaceon",
      "consumeHeldItem": true,
      "learnableMoves": [
        "icywind"
      ],
      "requirements": [],
      "requiredContext": "cobblemon:ice_stone"
    }
  ],
  "forms": [
    {
      "name": "Gmax",
      "primaryType": "normal",
      "maleRatio": 0.875,
      "height": 180,
      "weight": 0,
      "pokedex": [
        "cobblemon.species.eevee-gmax.desc"
      ],
      "labels": [
        "gen8",
        "gmax"
      ],
      "aspects": [
        "gmax"
      ],
      "dynamaxBlocked": true,
      "evolutions": [],
      "battleOnly": true
    }
  ]
}