{
  "implemented": true,
  "nationalPokedexNumber": 7,
  "name": "Squirtle",
  "primaryType": "water",
  "maleRatio": 0.875,
  "height": 5,
  "weight": 90,
  "pokedex": [
    "cobblemon.species.squirtle.desc"
  ],
  "labels": [
    "gen1",
    "starter"
  ],
  "aspects": [],
  "abilities": [
    "torrent",
    "h:raindish"
  ],
  "eggGroups": [
    "monster",
    "water_1"
  ],
  "baseStats": {
    "hp": 44,
    "attack": 48,
    "defence": 65,
    "special_attack": 50,
    "special_defence": 64,
    "speed": 43
  },
  "evYield": {
    "hp": 0,
    "attack": 0,
    "defence": 1,
    "special_attack": 0,
    "special_defence": 0,
    "speed": 0
  },
  "baseExperienceYield": 63,
  "experienceGroup": "medium_slow",
  "catchRate": 45,
  "eggCycles": 20,
  "baseFriendship": 50,
  "shoulderMountable": true,
  "baseScale": 0.7,
  "hitbox": {
    "width": 0.6,
    "height": 1.2,
    "fixed": false
  },
  "behaviour": {
    "resting": {
      "canSleep": true,
      "willSleepOnBed": true,
      "light": "0-4"
    },
    "moving": {
      "walk": {
        "walkSpeed": 0.26
      },
      "swim": {
        "canBreatheUnderwater": true,
        "canSwimInWater": true,
        "canSwimInLava": false,
        "swimSpeed": "0.2"
      }
    }
  },
  "drops": {
    "amount": 2,
    "entries": [
      {
        "item": "minecraft:turtle_scute",
        "quantityRange": "0-1"
      },
      {
        "item": "cobblemon:mystic_water",
        "percentage": 5.0
      }
    ]
  },
  "moves": [
    "1:tackle",
    "1:tailwhip",
    "1:bubble",
    "3:watergun",
    "6:withdraw",
    "9:rapidspin",
    "12:bite",
    "15:waterpulse",
    "18:protect",
    "21:raindance",
    "24:aquatail",
    "27:shellsmash",
    "30:irondefense",
    "33:hydropump",
    "36:skullbash",
    "egg:aquajet",
    "egg:aquaring",
    "egg:fakeout",
    "egg:flail",
    "egg:foresight",
    "egg:lifedew",
    "egg:mirrorcoat",
    "egg:mist",
    "egg:mudsport",
    "egg:refresh",
    "egg:waterspout",
    "egg:wavecrash",
    "egg:yawn",
    "tm:aquatail",
    "tm:blizzard",
    "tm:bodyslam",
    "tm:brickbreak",
    "tm:brine",
    "tm:chillingwater",
    "tm:dig",
    "tm:dive",
    "tm:doubleedge",
    "tm:endure",
    "tm:facade",
    "tm:fling",
    "tm:flipturn",
    "tm:focuspunch",
    "tm:gyroball",
    "tm:hail",
    "tm:haze",
    "tm:headbutt",
    "tm:helpinghand",
    "tm:hydropump",
    "tm:icebeam",
    "tm:icepunch",
    "tm:icespinner",
    "tm:icywind",
    "tm:irondefense",
    "tm:irontail",
    "tm:liquidation",
    "tm:megakick",
    "tm:megapunch",
    "tm:muddywater",
    "tm:mudshot",
    "tm:poweruppunch",
    "tm:protect",
    "tm:raindance",
    "tm:rest",
    "tm:rocksmash",
    "tm:rollout",
    "tm:sleeptalk",
    "tm:strength",
    "tm:substitute",
    "tm:surf",
    "tm:takedown",
    "tm:terablast",
    "tm:waterpledge",
    "tm:waterpulse",
    "tm:weatherball",
    "tm:whirlpool",
    "tm:workup",
    "tm:zenheadbutt",
    "tutor:aquatail",
    "tutor:dive",
    "tutor:flipturn",
    "tutor:focuspunch",
    "tutor:helpinghand",
    "tutor:icebeam",
    "tutor:icepunch",
    "tutor:icywind",
    "tutor:irondefense",
    "tutor:irontail",
    "tutor:liquidation",
    "tutor:rest",
    "tutor:rocksmash",
    "tutor:rollout",
    "tutor:sleeptalk",
    "tutor:waterpledge",
    "tutor:waterpulse",
    "tutor:zenheadbutt"
  ],
  "evolutions": [
    {
      "id": "squirtle_wartortle",
      "variant": "level_up",
      "result": "wartortle",
      "consumeHeldItem": false,
      "learnableMoves": [],
      "requirements": [
        {
          "variant": "level",
          "minLevel": 16
        }
      ]
    }
  ]
}