{
  "enabled": true,
  "neededInstalledMods": [],
  "neededUninstalledMods": [],
  "spawns": [
    {
      "id": "koffing-galarian-1",
      "pokemon": "koffing galarian",
      "presets": [
        "illager_structures"
      ],
      "type": "pokemon",
      "context": "grounded",
      "bucket": "common",
      "level": "9-34",
      "weight": 1.0,
      "weightMultiplier": {
        "multiplier": 5.0,
        "condition": {
          "timeRange": "night"
        }
      },
      "condition": {
        "canSeeSky": true,
        "biomes": [
          "#cobblemon:is_overworld"
        ]
      },
      "anticondition": {
        "biomes": [
          "#minecraft:woodland_mansion"
        ]
      }
    }
  ]
}