{
  "enabled": "true",
  "neededInstalledMods": [],
  "neededUninstalledMods": [],
  "spawns": [
    {
      "id": "corsola-galarian",
      "pokemon": "corsola galarian=true",
      "presets": [
        "water"
      ],
      "type": "pokemon",
      "context": "submerged",
      "bucket": "rare",
      "level": "28-45",
      "weight": 10.0,
      "condition": {
        "biomes": [
          "#minecraft:is_ocean"
        ]
      }
    },
    {
      "id": "corsola-galarian-2",
      "pokemon": "corsola galarian=true",
      "presets": [
        "water"
      ],
      "type": "pokemon",
      "context": "submerged",
      "bucket": "uncommon",
      "level": "15-60",
      "weight": 9.2,
      "condition": {
        "biomes": [
          "#cobblemon:is_warm_ocean"
        ]
      }
    }
  ]
}