{
  "enabled": true,
  "neededInstalledMods": [],
  "neededUninstalledMods": [],
  "spawns": [
    {
      "id": "zangoose-1",
      "pokemon": "zangoose",
      "presets": [
        "natural"
      ],
      "type": "pokemon",
      "context": "grounded",
      "bucket": "uncommon",
      "level": "25-62",
      "weight": 1.3,
      "condition": {
        "minSkyLight": 8,
        "maxSkyLight": 15,
        "biomes": [
          "#cobblemon:is_plains"
        ]
      }
    },
    {
      "id": "zangoose-2",
      "pokemon": "zangoose",
      "presets": [
        "wild",
        "natural"
      ],
      "type": "pokemon",
      "context": "grounded",
      "bucket": "rare",
      "level": "40-50",
      "weight": 5,
      "condition": {
        "biomes": [
          "#cobblemon:is_taiga"
        ]
      }
    }
  ]
}
