{
  "enabled": true,
  "neededInstalledMods": [],
  "neededUninstalledMods": [],
  "spawns": [
    {
      "id": "wormadam-1",
      "pokemon": "wormadam bagworm_cloak=plant",
      "presets": [
        "natural",
        "treetop"
      ],
      "type": "pokemon",
      "context": "grounded",
      "bucket": "common",
      "level": "20-65",
      "weight": 0.5,
      "condition": {
        "minSkyLight": 8,
        "maxSkyLight": 15,
        "biomes": [
          "#cobblemon:is_forest",
          "#cobblemon:is_plains",
          "#cobblemon:is_jungle",
          "#cobblemon:is_tropical_island"
        ]
      },
      "anticondition": {
        "biomes": [
          "#cobblemon:is_freezing",
          "#cobblemon:is_spooky"
        ]
      }
    },
    {
      "id": "wormadam-2",
      "pokemon": "wormadam bagworm_cloak=sandy",
      "type": "pokemon",
      "context": "grounded",
      "bucket": "uncommon",
      "level": "15-32",
      "weight": 2,
      "condition": {
        "biomes": [
          "#cobblemon:is_arid"
        ]
      }
    },
    {
      "id": "wormadam-3",
      "pokemon": "wormadam bagworm_cloak=trash",
      "type": "pokemon",
      "context": "grounded",
      "bucket": "uncommon",
      "level": "15-32",
      "weight": 2,
      "condition": {
        "biomes": [
          "#cobblemon:is_floral"
        ]
      }
    }
  ]
}
