{
  "enabled": true,
  "neededInstalledMods": [],
  "neededUninstalledMods": [],
  "spawns": [
    {
      "id": "heliolisk-1",
      "pokemon": "heliolisk",
      "presets": [],
      "type": "pokemon",
      "context": "grounded",
      "bucket": "uncommon",
      "level": "33-54",
      "weight": 3,
      "condition": {
        "canSeeSky": true,
        "biomes": [
          "minecraft:desert"
        ],
        "isRaining": false,
        "timeRange": "day"
      }
    },
    {
      "id": "heliolisk-2",
      "pokemon": "heliolisk",
      "presets": [],
      "type": "pokemon",
      "context": "grounded",
      "bucket": "uncommon",
      "level": "33-54",
      "weight": 3,
      "condition": {
        "canSeeSky": true,
        "biomes": [
          "minecraft:savanna"
        ],
        "isRaining": false,
        "timeRange": "day"
      }
    },
    {
      "id": "heliolisk-3",
      "pokemon": "heliolisk",
      "presets": [],
      "type": "pokemon",
      "context": "grounded",
      "bucket": "uncommon",
      "level": "33-54",
      "weight": 3,
      "condition": {
        "canSeeSky": true,
        "biomes": [
          "minecraft:badlands"
        ],
        "isRaining": false,
        "timeRange": "day"
      }
    }
  ]
}