{
  "enabled": true,
  "neededInstalledMods": [],
  "neededUninstalledMods": [],
  "spawns": [
    {
      "id": "avalugg-hisuian-1",
      "pokemon": "avalugg hisuian",
      "presets": [
        "natural"
      ],
      "type": "pokemon",
      "context": "grounded",
      "bucket": "uncommon",
      "level": "30-60",
      "weight": 8.0,
      "condition": {
        "biomes": [
          "minecraft:jagged_peaks",
          "minecraft:frozen_peaks",
          "minecraft:snowy_slopes",
          "terralith:emerald_peaks",
          "terralith:scarlet_mountains",
          "wythers:snowy_peaks"
        ]
      }
    },
    {
      "id": "avalugg-hisuian-2",
      "pokemon": "avalugg hisuian",
      "presets": [
        "natural"
      ],
      "type": "pokemon",
      "context": "grounded",
      "bucket": "rare",
      "level": "30-60",
      "weight": 8.0,
      "condition": {
        "biomes": [
          "#cobblemon:is_snowy_forest"
        ]
      }
    }
  ]
}