{
  "enabled": true,
  "neededInstalledMods": [],
  "neededUninstalledMods": [],
  "spawns": [
    {
      "id": "oricorio-1",
      "pokemon": "oricorio dance_style=baile",
      "presets": [
        "natural"
      ],
      "type": "pokemon",
      "context": "grounded",
      "bucket": "uncommon",
      "level": "18-33",
      "weight": 3.0,
      "condition": {
        "canSeeSky": true,
        "biomes": [
          "#cobblemon:is_plains",
          "#cobblemon:is_hills"
        ]
      }
    },
    {
      "id": "oricorio-2",
      "pokemon": "oricorio dance_style=pom-pom",
      "presets": [
        "natural"
      ],
      "type": "pokemon",
      "context": "grounded",
      "bucket": "uncommon",
      "level": "18-33",
      "weight": 3.0,
      "condition": {
        "canSeeSky": true,
        "biomes": [
          "#cobblemon:is_mountain",
          "#cobblemon:is_jungle"
        ]
      }
    },
    {
      "id": "oricorio-3",
      "pokemon": "oricorio dance_style=pau",
      "presets": [
        "natural"
      ],
      "type": "pokemon",
      "context": "grounded",
      "bucket": "uncommon",
      "level": "18-33",
      "weight": 3.0,
      "condition": {
        "canSeeSky": true,
        "biomes": [
          "#cobblemon:is_floral"
        ]
      }
    },
    {
      "id": "oricorio-4",
      "pokemon": "oricorio dance_style=sensu",
      "presets": [
      ],
      "type": "pokemon",
      "context": "grounded",
      "bucket": "uncommon",
      "level": "18-33",
      "weight": 3.0,
      "condition": {
        "canSeeSky": true,
        "biomes": [
          "#cobblemon:is_forest"
        ]
      }
    }
  ]
}