{
  "enabled": true,
  "neededInstalledMods": [],
  "neededUninstalledMods": [],
  "spawns": [
    {
      "id": "passimian-1",
      "pokemon": "passimian",
      "presets": [
        "natural"
      ],
      "type": "pokemon",
      "context": "grounded",
      "bucket": "uncommon",
      "level": "20-45",
      "weight": 5.0,
      "condition": {
        "canSeeSky": true,
        "minSkyLight": 8,
        "maxSkyLight": 15,
        "biomes": [
          "#cobblemon:is_jungle"
        ],
        "isRaining": false
      }
    },
    {
      "id": "passimian-red-2",
      "pokemon": "passimian red-leaf",
      "presets": [
        "natural"
      ],
      "type": "pokemon",
      "context": "grounded",
      "bucket": "uncommon",
      "level": "20-45",
      "weight": 2.0,
      "condition": {
        "canSeeSky": true,
        "minSkyLight": 8,
        "maxSkyLight": 15,
        "biomes": [
          "#cobblemon:is_jungle"
        ],
        "isRaining": false
      }
    }
  ]
}
