{
  "enabled": true,
  "neededInstalledMods": [],
  "neededUninstalledMods": [],
  "spawns": [
    {
      "id": "rolycoly-1",
      "pokemon": "rolycoly",
      "presets": [
        "natural",
        "wild"
      ],
      "type": "pokemon",
      "context": "grounded",
      "bucket": "common",
      "level": "10-25",
      "weight": 20,
      "condition": {
        "biomes": [
          "#cobblemon:is_cave",
          "#cobblemon:is_mountain"
        ],
        "neededNearbyBlocks": [
          "minecraft:coal_ore"
        ]
      }
    },
    {
      "id": "rolycoly-2",
      "pokemon": "rolycoly",
      "presets": [
        "natural",
        "wild"
      ],
      "type": "pokemon",
      "context": "grounded",
      "bucket": "uncommon",
      "level": "10-25",
      "weight": 20,
      "condition": {
        "biomes": [
          "#cobblemon:is_cave",
          "#cobblemon:is_mountain"
        ]
      }
    }
  ]
}