{
  "implemented": true,
  "nationalPokedexNumber": 810,
  "name": "Grookey",
  "primaryType": "grass",
  "maleRatio": 0.875,
  "height": 3,
  "weight": 50,
  "pokedex": [
    "cobblemon.species.grookey.desc"
  ],
  "labels": [
    "gen8",
    "starter"
  ],
  "aspects": [],
  "abilities": [
    "overgrow",
    "h:grassysurge"
  ],
  "eggGroups": [
    "field",
    "grass"
  ],
  "baseStats": {
    "hp": 50,
    "attack": 65,
    "defence": 50,
    "special_attack": 40,
    "special_defence": 40,
    "speed": 65
  },
  "evYield": {
    "hp": 0,
    "attack": 1,
    "defence": 0,
    "special_attack": 0,
    "special_defence": 0,
    "speed": 0
  },
  "baseExperienceYield": 62,
  "experienceGroup": "medium_slow",
  "catchRate": 45,
  "eggCycles": 20,
  "baseFriendship": 50,
  "shoulderMountable": true,
  "baseScale": 0.6,
  "hitbox": {
    "width": 0.8,
    "height": 1,
    "fixed": false
  },
  "drops": {
    "amount": 2,
    "entries": [
      {
        "item": "minecraft:stick",
        "quantityRange": "0-1"
      },
      {
        "item": "cobblemon:miracle_seed",
        "percentage": 5.0
      }
    ]
  },
  "moves": [
    "1:scratch",
    "1:growl",
    "6:branchpoke",
    "8:taunt",
    "12:razorleaf",
    "17:screech",
    "20:knockoff",
    "24:slam",
    "28:uproar",
    "32:woodhammer",
    "36:endeavor",
    "egg:fakeout",
    "egg:growth",
    "egg:hammerarm",
    "egg:leechseed",
    "egg:strength",
    "egg:worryseed",
    "tm:acrobatics",
    "tm:assurance",
    "tm:bodyslam",
    "tm:bulletseed",
    "tm:drainpunch",
    "tm:endeavor",
    "tm:endure",
    "tm:energyball",
    "tm:facade",
    "tm:falseswipe",
    "tm:fling",
    "tm:focusenergy",
    "tm:gigadrain",
    "tm:grassknot",
    "tm:grasspledge",
    "tm:grassyglide",
    "tm:grassyterrain",
    "tm:knockoff",
    "tm:leafstorm",
    "tm:lowkick",
    "tm:magicalleaf",
    "tm:megakick",
    "tm:megapunch",
    "tm:naturepower",
    "tm:protect",
    "tm:rest",
    "tm:screech",
    "tm:seedbomb",
    "tm:sleeptalk",
    "tm:solarbeam",
    "tm:solarblade",
    "tm:strength",
    "tm:substitute",
    "tm:sunnyday",
    "tm:swift",
    "tm:swordsdance",
    "tm:takedown",
    "tm:taunt",
    "tm:terablast",
    "tm:thief",
    "tm:trailblaze",
    "tm:uproar",
    "tm:uturn",
    "tm:workup",
    "tm:worryseed",
    "tutor:drainpunch",
    "tutor:endeavor",
    "tutor:energyball",
    "tutor:falseswipe",
    "tutor:focusenergy",
    "tutor:gigadrain",
    "tutor:grasspledge",
    "tutor:grassyglide",
    "tutor:knockoff",
    "tutor:lowkick",
    "tutor:magicalleaf",
    "tutor:rest",
    "tutor:seedbomb",
    "tutor:sleeptalk",
    "tutor:swift",
    "tutor:uproar",
    "tutor:worryseed"
  ],
  "evolutions": [
    {
      "id": "grookey_thwackey",
      "variant": "level_up",
      "result": "thwackey",
      "consumeHeldItem": false,
      "learnableMoves": [
        "doublehit"
      ],
      "requirements": [
        {
          "variant": "level",
          "minLevel": 16
        }
      ]
    }
  ]
}