{
  "implemented": true,
  "nationalPokedexNumber": 813,
  "name": "Scorbunny",
  "primaryType": "fire",
  "maleRatio": 0.875,
  "height": 3,
  "weight": 45,
  "pokedex": [
    "cobblemon.species.scorbunny.desc"
  ],
  "labels": [
    "gen8",
    "starter"
  ],
  "aspects": [],
  "abilities": [
    "blaze",
    "h:libero"
  ],
  "eggGroups": [
    "field",
    "human_like"
  ],
  "baseStats": {
    "hp": 50,
    "attack": 71,
    "defence": 40,
    "special_attack": 40,
    "special_defence": 40,
    "speed": 69
  },
  "evYield": {
    "hp": 0,
    "attack": 0,
    "defence": 0,
    "special_attack": 0,
    "special_defence": 0,
    "speed": 1
  },
  "baseExperienceYield": 62,
  "experienceGroup": "medium_slow",
  "catchRate": 45,
  "eggCycles": 20,
  "baseFriendship": 50,
  "shoulderMountable": true,
  "baseScale": 0.5,
  "hitbox": {
    "width": 0.7,
    "height": 1.3,
    "fixed": false
  },
  "drops": {
    "amount": 4,
    "entries": [
      {
        "item": "minecraft:rabbit_hide",
        "quantityRange": "0-1"
      },
      {
        "item": "minecraft:rabbit"
      },
      {
        "item": "minecraft:rabbit_foot",
        "percentage": 5.0
      },
      {
        "item": "cobblemon:charcoal_stick",
        "percentage": 5.0
      }
    ]
  },
  "moves": [
    "1:tackle",
    "1:growl",
    "6:ember",
    "8:quickattack",
    "12:doublekick",
    "17:flamecharge",
    "20:agility",
    "24:headbutt",
    "28:counter",
    "32:bounce",
    "36:doubleedge",
    "egg:highjumpkick",
    "egg:sandattack",
    "egg:suckerpunch",
    "egg:superfang",
    "tm:acrobatics",
    "tm:agility",
    "tm:allyswitch",
    "tm:assurance",
    "tm:batonpass",
    "tm:blazekick",
    "tm:bounce",
    "tm:burningjealousy",
    "tm:doubleedge",
    "tm:electroball",
    "tm:endure",
    "tm:facade",
    "tm:fireblast",
    "tm:firefang",
    "tm:firepledge",
    "tm:firespin",
    "tm:flamecharge",
    "tm:flamethrower",
    "tm:flareblitz",
    "tm:focusenergy",
    "tm:gunkshot",
    "tm:headbutt",
    "tm:heatwave",
    "tm:helpinghand",
    "tm:lowkick",
    "tm:lowsweep",
    "tm:megakick",
    "tm:overheat",
    "tm:protect",
    "tm:rest",
    "tm:reversal",
    "tm:sleeptalk",
    "tm:substitute",
    "tm:suckerpunch",
    "tm:sunnyday",
    "tm:superfang",
    "tm:swift",
    "tm:takedown",
    "tm:taunt",
    "tm:temperflare",
    "tm:terablast",
    "tm:trailblaze",
    "tm:uturn",
    "tm:workup",
    "tutor:allyswitch",
    "tutor:bounce",
    "tutor:burningjealousy",
    "tutor:firefang",
    "tutor:firepledge",
    "tutor:flamethrower",
    "tutor:focusenergy",
    "tutor:gunkshot",
    "tutor:heatwave",
    "tutor:helpinghand",
    "tutor:lowkick",
    "tutor:rest",
    "tutor:sleeptalk",
    "tutor:suckerpunch",
    "tutor:superfang",
    "tutor:swift"
  ],
  "evolutions": [
    {
      "id": "scorbunny_raboot",
      "variant": "level_up",
      "result": "raboot",
      "consumeHeldItem": false,
      "learnableMoves": [],
      "requirements": [
        {
          "variant": "level",
          "minLevel": 16
        }
      ]
    }
  ]
}