{
  "implemented": true,
  "nationalPokedexNumber": 816,
  "name": "Sobble",
  "primaryType": "water",
  "maleRatio": 0.875,
  "height": 3,
  "weight": 40,
  "pokedex": [
    "cobblemon.species.sobble.desc"
  ],
  "labels": [
    "gen8",
    "starter"
  ],
  "aspects": [],
  "abilities": [
    "torrent",
    "h:sniper"
  ],
  "eggGroups": [
    "water_1",
    "field"
  ],
  "baseStats": {
    "hp": 50,
    "attack": 40,
    "defence": 40,
    "special_attack": 70,
    "special_defence": 40,
    "speed": 70
  },
  "evYield": {
    "hp": 0,
    "attack": 0,
    "defence": 0,
    "special_attack": 0,
    "special_defence": 1,
    "speed": 1
  },
  "baseExperienceYield": 62,
  "experienceGroup": "medium_slow",
  "catchRate": 45,
  "eggCycles": 20,
  "baseFriendship": 50,
  "shoulderMountable": true,
  "baseScale": 0.5,
  "hitbox": {
    "width": 0.9,
    "height": 1.05,
    "fixed": false
  },
  "behaviour": {
    "moving": {
      "swim": {
        "canBreatheUnderwater": true,
        "canSwimInWater": true,
        "canSwimInLava": false,
        "swimSpeed": "0.2"
      }
    },
    "resting": {
      "canSleep": true,
      "willSleepOnBed": true,
      "light": "0-4"
    }
  },
  "drops": {
    "amount": 1,
    "entries": [
      {
        "item": "cobblemon:mystic_water",
        "percentage": 5.0
      }
    ]
  },
  "moves": [
    "1:pound",
    "1:growl",
    "6:watergun",
    "8:bind",
    "12:waterpulse",
    "17:tearfullook",
    "20:suckerpunch",
    "24:uturn",
    "28:liquidation",
    "32:soak",
    "36:raindance",
    "egg:aquajet",
    "egg:aquaring",
    "egg:doubleteam",
    "egg:fellstinger",
    "egg:haze",
    "egg:iceshard",
    "egg:mist",
    "tm:bind",
    "tm:bounce",
    "tm:chillingwater",
    "tm:dive",
    "tm:doubleteam",
    "tm:endure",
    "tm:facade",
    "tm:haze",
    "tm:hydropump",
    "tm:lightscreen",
    "tm:liquidation",
    "tm:muddywater",
    "tm:mudshot",
    "tm:protect",
    "tm:raindance",
    "tm:reflect",
    "tm:rest",
    "tm:safeguard",
    "tm:sleeptalk",
    "tm:substitute",
    "tm:suckerpunch",
    "tm:surf",
    "tm:swift",
    "tm:takedown",
    "tm:terablast",
    "tm:uturn",
    "tm:waterfall",
    "tm:waterpledge",
    "tm:waterpulse",
    "tm:weatherball",
    "tm:whirlpool",
    "tm:workup",
    "tutor:bind",
    "tutor:bounce",
    "tutor:dive",
    "tutor:liquidation",
    "tutor:rest",
    "tutor:sleeptalk",
    "tutor:suckerpunch",
    "tutor:swift",
    "tutor:waterpledge",
    "tutor:waterpulse"
  ],
  "evolutions": [
    {
      "id": "sobble_drizzile",
      "variant": "level_up",
      "result": "drizzile",
      "consumeHeldItem": false,
      "learnableMoves": [],
      "requirements": [
        {
          "variant": "level",
          "minLevel": 16
        }
      ]
    }
  ]
}