{
  "implemented": true,
  "nationalPokedexNumber": 773,
  "name": "Silvally",
  "primaryType": "normal",
  "maleRatio": -1,
  "height": 23,
  "weight": 1005,
  "pokedex": [
    "cobblemon.species.silvally.desc"
  ],
  "labels": [
    "gen7",
    "legendary"
  ],
  "aspects": [],
  "abilities": [
    "rkssystem",
    "h:rkssystem"
  ],
  "eggGroups": [
    "undiscovered"
  ],
  "baseStats": {
    "hp": 95,
    "attack": 95,
    "defence": 95,
    "special_attack": 95,
    "special_defence": 95,
    "speed": 95
  },
  "evYield": {
    "hp": 3,
    "attack": 0,
    "defence": 0,
    "special_attack": 0,
    "special_defence": 0,
    "speed": 0
  },
  "baseExperienceYield": 285,
  "experienceGroup": "slow",
  "catchRate": 3,
  "eggCycles": 120,
  "baseFriendship": 0,
  "baseScale": 1,
  "hitbox": {
    "width": 1,
    "height": 1,
    "fixed": false
  },
  "moves": [
    "1:multiattack",
    "1:healblock",
    "1:imprison",
    "1:ironhead",
    "1:poisonfang",
    "1:firefang",
    "1:icefang",
    "1:thunderfang",
    "1:tackle",
    "1:rage",
    "1:pursuit",
    "1:bite",
    "1:aerialace",
    "1:scaryface",
    "1:punishment",
    "1:razorwind",
    "1:explosion",
    "15:doublehit",
    "20:metalsound",
    "25:crushclaw",
    "30:airslash",
    "35:triattack",
    "40:xscissor",
    "45:crunch",
    "50:takedown",
    "55:doubleedge",
    "60:partingshot",
    "egg:healblock",
    "egg:punishment",
    "egg:razorwind",
    "tm:aerialace",
    "tm:airslash",
    "tm:crunch",
    "tm:defog",
    "tm:doubleedge",
    "tm:dracometeor",
    "tm:dragonclaw",
    "tm:endure",
    "tm:explosion",
    "tm:facade",
    "tm:firefang",
    "tm:flamecharge",
    "tm:flamethrower",
    "tm:flashcannon",
    "tm:gigaimpact",
    "tm:grasspledge",
    "tm:firepledge",
    "tm:waterpledge",
    "tm:hail",
    "tm:heatwave",
    "tm:hyperbeam",
    "tm:hypervoice",
    "tm:icebeam",
    "tm:icefang",
    "tm:icywind",
    "tm:imprison",
    "tm:irondefense",
    "tm:ironhead",
    "tm:laserfocus",
    "tm:lastresort",
    "tm:magiccoat",
    "tm:metalsound",
    "tm:outrage",
    "tm:payback",
    "tm:protect",
    "tm:psychicfangs",
    "tm:raindance",
    "tm:rest",
    "tm:reversal",
    "tm:roar",
    "tm:rockslide",
    "tm:sandstorm",
    "tm:scaryface",
    "tm:selfdestruct",
    "tm:shadowball",
    "tm:shadowclaw",
    "tm:signalbeam",
    "tm:sleeptalk",
    "tm:snarl",
    "tm:steelbeam",
    "tm:steelwing",
    "tm:substitute",
    "tm:sunnyday",
    "tm:surf",
    "tm:swift",
    "tm:swordsdance",
    "tm:tailwind",
    "tm:takedown",
    "tm:terablast",
    "tm:terrainpulse",
    "tm:thunderbolt",
    "tm:thunderfang",
    "tm:thunderwave",
    "tm:triattack",
    "tm:uturn",
    "tm:workup",
    "tm:xscissor",
    "tm:zenheadbutt",
    "tutor:aerialace",
    "tutor:defog",
    "tutor:dracometeor",
    "tutor:firefang",
    "tutor:flamethrower",
    "tutor:flashcannon",
    "tutor:gigaimpact",
    "tutor:grasspledge",
    "tutor:firepledge",
    "tutor:waterpledge",
    "tutor:heatwave",
    "tutor:hyperbeam",
    "tutor:hypervoice",
    "tutor:icebeam",
    "tutor:icefang",
    "tutor:icywind",
    "tutor:irondefense",
    "tutor:ironhead",
    "tutor:laserfocus",
    "tutor:lastresort",
    "tutor:magiccoat",
    "tutor:outrage",
    "tutor:rest",
    "tutor:rockslide",
    "tutor:shadowball",
    "tutor:shadowclaw",
    "tutor:signalbeam",
    "tutor:sleeptalk",
    "tutor:snarl",
    "tutor:steelbeam",
    "tutor:swift",
    "tutor:tailwind",
    "tutor:terrainpulse",
    "tutor:thunderbolt",
    "tutor:thunderfang",
    "tutor:xscissor",
    "tutor:zenheadbutt",
    "legacy:confide",
    "legacy:doubleteam",
    "legacy:frustration",
    "legacy:hiddenpower",
    "legacy:return",
    "legacy:round",
    "legacy:snore",
    "legacy:swagger",
    "legacy:toxic"
  ],
  "preEvolution": "typenull",
  "evolutions": [],
  "forms": [],
  "behaviour": {
    "herd": {
      "maxSize": "3",
      "toleratedLeaders": [
        {
          "pokemon": "silvally",
          "tier": 1
        }
      ]
    },
    "moving": {
      "swim": {
        "avoidsWater": true
      }
    },
    "combat": {
      "willDefendSelf": true,
      "willDefendOwner": true,
      "willFlee": false
    },
    "resting": {
      "drowsyChance": 0.0333,
      "rouseChance": 0.0042
    }
  }
}