{
  "implemented": true,
  "nationalPokedexNumber": 912,
  "name": "Quaxly",
  "primaryType": "water",
  "maleRatio": 0.875,
  "height": 5,
  "weight": 61,
  "pokedex": [
    "cobblemon.species.quaxly.desc"
  ],
  "labels": [
    "gen9",
    "starter"
  ],
  "aspects": [],
  "abilities": [
    "torrent",
    "h:moxie"
  ],
  "eggGroups": [
    "flying",
    "water_1"
  ],
  "baseStats": {
    "hp": 55,
    "attack": 65,
    "defence": 45,
    "special_attack": 50,
    "special_defence": 45,
    "speed": 50
  },
  "evYield": {
    "hp": 0,
    "attack": 1,
    "defence": 0,
    "special_attack": 0,
    "special_defence": 0,
    "speed": 0
  },
  "baseExperienceYield": 62,
  "experienceGroup": "medium_slow",
  "catchRate": 45,
  "eggCycles": 20,
  "baseFriendship": 50,
  "shoulderMountable": true,
  "baseScale": 0.6,
  "hitbox": {
    "width": 0.8,
    "height": 1.1,
    "fixed": false
  },
  "behaviour": {
    "moving": {
      "walk": {
        "walkSpeed": 0.24
      },
      "swim": {
        "swimSpeed": 0.14,
        "canBreatheUnderwater": true,
        "canWalkOnWater": true,
        "canSwimInWater": true,
        "canSwimInLava": false
      }
    },
    "resting": {
      "canSleep": true,
      "willSleepOnBed": true,
      "light": "0-4"
    }
  },
  "drops": {
    "amount": 1,
    "entries": [
      {
        "item": "cobblemon:mystic_water",
        "percentage": 5.0
      }
    ]
  },
  "moves": [
    "1:pound",
    "1:growl",
    "1:watergun",
    "7:workup",
    "10:wingattack",
    "13:aquajet",
    "17:doublehit",
    "21:aquacutter",
    "24:airslash",
    "28:focusenergy",
    "31:acrobatics",
    "35:liquidation",
    "egg:detect",
    "egg:lastresort",
    "egg:rapidspin",
    "egg:roost",
    "tm:acrobatics",
    "tm:aerialace",
    "tm:aircutter",
    "tm:airslash",
    "tm:batonpass",
    "tm:bravebird",
    "tm:chillingwater",
    "tm:disarmingvoice",
    "tm:encore",
    "tm:endure",
    "tm:facade",
    "tm:focusenergy",
    "tm:helpinghand",
    "tm:hydropump",
    "tm:lastresort",
    "tm:liquidation",
    "tm:lowkick",
    "tm:mistyterrain",
    "tm:protect",
    "tm:psychup",
    "tm:raindance",
    "tm:rest",
    "tm:roost",
    "tm:sleeptalk",
    "tm:substitute",
    "tm:surf",
    "tm:swift",
    "tm:takedown",
    "tm:terablast",
    "tm:waterpledge",
    "tm:whirlpool",
    "tm:workup",
    "tutor:aerialace",
    "tutor:aircutter",
    "tutor:focusenergy",
    "tutor:helpinghand",
    "tutor:lastresort",
    "tutor:liquidation",
    "tutor:lowkick",
    "tutor:rest",
    "tutor:roost",
    "tutor:sleeptalk",
    "tutor:swift",
    "tutor:waterpledge"
  ],
  "evolutions": [
    {
      "id": "quaxly_quaxwell",
      "variant": "level_up",
      "result": "quaxwell",
      "consumeHeldItem": false,
      "learnableMoves": [],
      "requirements": [
        {
          "variant": "level",
          "minLevel": 16
        }
      ]
    }
  ]
}