{
  "implemented": true,
  "nationalPokedexNumber": 501,
  "name": "Oshawott",
  "primaryType": "water",
  "maleRatio": 0.875,
  "height": 5,
  "weight": 59,
  "pokedex": [
    "cobblemon.species.oshawott.desc"
  ],
  "labels": [
    "gen5",
    "starter",
    "unovan_form"
  ],
  "aspects": [],
  "abilities": [
    "torrent",
    "h:shellarmor"
  ],
  "eggGroups": [
    "field"
  ],
  "baseStats": {
    "hp": 55,
    "attack": 55,
    "defence": 45,
    "special_attack": 63,
    "special_defence": 45,
    "speed": 45
  },
  "evYield": {
    "hp": 0,
    "attack": 0,
    "defence": 0,
    "special_attack": 1,
    "special_defence": 0,
    "speed": 0
  },
  "baseExperienceYield": 62,
  "experienceGroup": "medium_slow",
  "catchRate": 45,
  "eggCycles": 20,
  "baseFriendship": 50,
  "shoulderMountable": true,
  "features": [
    "region_bias"
  ],
  "baseScale": 0.5,
  "hitbox": {
    "width": 0.9,
    "height": 1.25,
    "fixed": false
  },
  "behaviour": {
    "moving": {
      "swim": {
        "canBreatheUnderwater": true,
        "canWalkOnWater": true
      }
    },
    "resting": {
      "canSleep": true,
      "willSleepOnBed": true,
      "light": "0-4"
    }
  },
  "drops": {
    "amount": 2,
    "entries": [
      {
        "item": "cobblemon:mystic_water",
        "percentage": 5.0
      },
      {
        "item": "cobblemon:shell_bell",
        "percentage": 5.0
      }
    ]
  },
  "moves": [
    "1:tackle",
    "1:watersport",
    "5:tailwhip",
    "7:watergun",
    "11:soak",
    "13:focusenergy",
    "17:razorshell",
    "19:furycutter",
    "23:waterpulse",
    "25:aerialace",
    "29:aquajet",
    "31:encore",
    "35:aquatail",
    "37:retaliate",
    "41:swordsdance",
    "43:hydropump",
    "egg:airslash",
    "egg:aquacutter",
    "egg:copycat",
    "egg:detect",
    "egg:knockoff",
    "egg:nightslash",
    "egg:sacredsword",
    "egg:screech",
    "egg:trumpcard",
    "tm:aerialace",
    "tm:airslash",
    "tm:aquatail",
    "tm:assurance",
    "tm:avalanche",
    "tm:blizzard",
    "tm:brine",
    "tm:chillingwater",
    "tm:covet",
    "tm:cut",
    "tm:dig",
    "tm:dive",
    "tm:encore",
    "tm:endure",
    "tm:facade",
    "tm:falseswipe",
    "tm:fling",
    "tm:flipturn",
    "tm:focusenergy",
    "tm:furycutter",
    "tm:grassknot",
    "tm:hail",
    "tm:helpinghand",
    "tm:hydropump",
    "tm:icebeam",
    "tm:icywind",
    "tm:irontail",
    "tm:knockoff",
    "tm:liquidation",
    "tm:protect",
    "tm:raindance",
    "tm:razorshell",
    "tm:rest",
    "tm:retaliate",
    "tm:revenge",
    "tm:rocksmash",
    "tm:screech",
    "tm:sleeptalk",
    "tm:snowscape",
    "tm:substitute",
    "tm:surf",
    "tm:swift",
    "tm:swordsdance",
    "tm:takedown",
    "tm:taunt",
    "tm:terablast",
    "tm:thief",
    "tm:waterfall",
    "tm:waterpledge",
    "tm:waterpulse",
    "tm:whirlpool",
    "tm:workup",
    "tm:xscissor",
    "tutor:aerialace",
    "tutor:aquatail",
    "tutor:covet",
    "tutor:dive",
    "tutor:falseswipe",
    "tutor:flipturn",
    "tutor:focusenergy",
    "tutor:furycutter",
    "tutor:helpinghand",
    "tutor:icebeam",
    "tutor:icywind",
    "tutor:irontail",
    "tutor:knockoff",
    "tutor:liquidation",
    "tutor:rest",
    "tutor:rocksmash",
    "tutor:sleeptalk",
    "tutor:swift",
    "tutor:waterpledge",
    "tutor:waterpulse",
    "tutor:xscissor"
  ],
  "evolutions": [
    {
      "id": "oshawott_dewott",
      "variant": "level_up",
      "result": "dewott",
      "consumeHeldItem": false,
      "learnableMoves": [],
      "requirements": [
        {
          "variant": "level",
          "minLevel": 17
        }
      ]
    }
  ],
  "forms": [
    {
      "name": "Hisui-Bias",
      "primaryType": "water",
      "maleRatio": 0.875,
      "height": 5,
      "weight": 59,
      "pokedex": [
        "cobblemon.species.oshawott-hisuibias.desc"
      ],
      "labels": [
        "gen8a",
        "starter",
        "customized_official",
        "hisuian_form"
      ],
      "aspects": [
        "region-bias-hisui"
      ],
      "dynamaxBlocked": false,
      "evolutions": [
        {
          "id": "oshawott_dewott",
          "variant": "level_up",
          "result": "dewott",
          "consumeHeldItem": false,
          "learnableMoves": [],
          "requirements": [
            {
              "variant": "level",
              "minLevel": 17
            }
          ]
        }
      ]
    }
  ]
}