{
  "target": "cobblemon:minior",
  "implemented": true,
  "shoulderMountable": true,
  "shoulderEffects": [
    {
      "type": "potion_effect",
      "effect": "minecraft:slow_falling",
      "amplifier": 0,
      "ambient": true,
      "showParticles": true,
      "showIcon": false
    },
    {
      "type": "potion_effect",
      "effect": "minecraft:jump_boost",
      "amplifier": 1,
      "ambient": true,
      "showParticles": true,
      "showIcon": false
    }
  ]
}