{
 "target": "cobblemon:onix",
 "features": ["crystal"],
 "forms": [
    {
      "name": "Crystal",
      "primaryType": "rock",
      "secondaryType": "ground",
      "pokedex": [
      "cobblemon.species.onix-crystal.desc"
    ],
      "aspects": ["crystal"],
      "behaviour": {
        "resting": {
          "canSleep": true,
          "light": "0-4"
        },
        "moving": {
          "walk": {
            "walkSpeed": 0.3
          },
          "swim": {
            "avoidsWater": true,
            "canSwimInWater": false
          }
        }
      }
    }
  ]
}