{
  "implemented": true,
  "nationalPokedexNumber": 493,
  "name": "Arceus",
  "primaryType": "normal",
  "maleRatio": -1,
  "height": 32,
  "weight": 3200,
  "pokedex": [
    "cobblemon.species.arceus.desc"
  ],
  "labels": [
    "gen4",
    "mythical"
  ],
  "aspects": [],
  "abilities": [
    "multitype",
    "h:multitype"
  ],
  "eggGroups": [
    "undiscovered"
  ],
  "baseStats": {
    "hp": 120,
    "attack": 120,
    "defence": 120,
    "special_attack": 120,
    "special_defence": 120,
    "speed": 120
  },
  "evYield": {
    "hp": 3,
    "attack": 0,
    "defence": 0,
    "special_attack": 0,
    "special_defence": 0,
    "speed": 0
  },
  "baseExperienceYield": 360,
  "experienceGroup": "slow",
  "catchRate": 3,
  "eggCycles": 120,
  "baseFriendship": 0,
  "baseScale": 1,
  "hitbox": {
    "width": 1,
    "height": 1,
    "fixed": false
  },
  "moves": [
    "1:seismictoss",
    "1:cosmicpower",
    "1:naturalgift",
    "1:punishment",
    "1:refresh",
    "10:gravity",
    "20:earthpower",
    "30:hypervoice",
    "40:extremespeed",
    "50:healingwish",
    "60:futuresight",
    "70:recover",
    "80:hyperbeam",
    "90:perishsong",
    "100:judgment",
    "tm:acidspray",
    "tm:agility",
    "tm:airslash",
    "tm:ancientpower",
    "tm:aquatail",
    "tm:aurasphere",
    "tm:avalanche",
    "tm:blizzard",
    "tm:bodypress",
    "tm:bodyslam",
    "tm:brickbreak",
    "tm:brine",
    "tm:bugbuzz",
    "tm:bulkup",
    "tm:bulldoze",
    "tm:bulletseed",
    "tm:calmmind",
    "tm:chargebeam",
    "tm:chillingwater",
    "tm:confuseray",
    "tm:cosmicpower",
    "tm:cut",
    "tm:darkpulse",
    "tm:dazzlinggleam",
    "tm:defog",
    "tm:dive",
    "tm:doubleedge",
    "tm:dracometeor",
    "tm:dragonclaw",
    "tm:dragondance",
    "tm:dragonpulse",
    "tm:dragontail",
    "tm:dreameater",
    "tm:earthpower",
    "tm:earthquake",
    "tm:echoedvoice",
    "tm:electricterrain",
    "tm:endure",
    "tm:energyball",
    "tm:facade",
    "tm:fireblast",
    "tm:flamethrower",
    "tm:flareblitz",
    "tm:flash",
    "tm:flashcannon",
    "tm:fly",
    "tm:focusblast",
    "tm:foulplay",
    "tm:furycutter",
    "tm:futuresight",
    "tm:gigadrain",
    "tm:gigaimpact",
    "tm:grassknot",
    "tm:grassyterrain",
    "tm:gravity",
    "tm:gunkshot",
    "tm:hail",
    "tm:headbutt",
    "tm:heatwave",
    "tm:heavyslam",
    "tm:hex",
    "tm:honeclaws",
    "tm:hurricane",
    "tm:hydropump",
    "tm:hyperbeam",
    "tm:hypervoice",
    "tm:icebeam",
    "tm:icywind",
    "tm:imprison",
    "tm:incinerate",
    "tm:irondefense",
    "tm:ironhead",
    "tm:irontail",
    "tm:laserfocus",
    "tm:lastresort",
    "tm:lightscreen",
    "tm:liquidation",
    "tm:magicalleaf",
    "tm:magiccoat",
    "tm:meteorbeam",
    "tm:mistyterrain",
    "tm:naturalgift",
    "tm:ominouswind",
    "tm:outrage",
    "tm:overheat",
    "tm:payback",
    "tm:phantomforce",
    "tm:poisonjab",
    "tm:powergem",
    "tm:protect",
    "tm:psychic",
    "tm:psychicterrain",
    "tm:psychup",
    "tm:psyshock",
    "tm:quash",
    "tm:raindance",
    "tm:recycle",
    "tm:reflect",
    "tm:rest",
    "tm:retaliate",
    "tm:roar",
    "tm:rockclimb",
    "tm:rockslide",
    "tm:rocksmash",
    "tm:rocktomb",
    "tm:safeguard",
    "tm:sandstorm",
    "tm:scaryface",
    "tm:scorchingsands",
    "tm:shadowball",
    "tm:shadowclaw",
    "tm:shockwave",
    "tm:signalbeam",
    "tm:silverwind",
    "tm:sleeptalk",
    "tm:sludgebomb",
    "tm:snarl",
    "tm:solarbeam",
    "tm:stealthrock",
    "tm:steelbeam",
    "tm:stompingtantrum",
    "tm:stoneedge",
    "tm:storedpower",
    "tm:strength",
    "tm:substitute",
    "tm:sunnyday",
    "tm:supercellslam",
    "tm:surf",
    "tm:swift",
    "tm:swordsdance",
    "tm:tailwind",
    "tm:takedown",
    "tm:taunt",
    "tm:telekinesis",
    "tm:terablast",
    "tm:terrainpulse",
    "tm:thunder",
    "tm:thunderbolt",
    "tm:thunderwave",
    "tm:trailblaze",
    "tm:trick",
    "tm:trickroom",
    "tm:twister",
    "tm:waterfall",
    "tm:waterpulse",
    "tm:wildcharge",
    "tm:willowisp",
    "tm:workup",
    "tm:xscissor",
    "tm:zenheadbutt",
    "tutor:ancientpower",
    "tutor:aquatail",
    "tutor:blastburn",
    "tutor:bulkup",
    "tutor:bulldoze",
    "tutor:calmmind",
    "tutor:chargebeam",
    "tutor:darkpulse",
    "tutor:dazzlinggleam",
    "tutor:defog",
    "tutor:dive",
    "tutor:dracometeor",
    "tutor:dragonpulse",
    "tutor:earthpower",
    "tutor:energyball",
    "tutor:flamethrower",
    "tutor:flashcannon",
    "tutor:foulplay",
    "tutor:furycutter",
    "tutor:gigadrain",
    "tutor:gigaimpact",
    "tutor:gravity",
    "tutor:gunkshot",
    "tutor:heatwave",
    "tutor:hydrocannon",
    "tutor:hyperbeam",
    "tutor:hypervoice",
    "tutor:icebeam",
    "tutor:icywind",
    "tutor:irondefense",
    "tutor:ironhead",
    "tutor:irontail",
    "tutor:laserfocus",
    "tutor:lastresort",
    "tutor:liquidation",
    "tutor:magicalleaf",
    "tutor:magiccoat",
    "tutor:meteorbeam",
    "tutor:ominouswind",
    "tutor:outrage",
    "tutor:poisonjab",
    "tutor:psychic",
    "tutor:recycle",
    "tutor:rest",
    "tutor:rockslide",
    "tutor:rocksmash",
    "tutor:scorchingsands",
    "tutor:shadowball",
    "tutor:shadowclaw",
    "tutor:shockwave",
    "tutor:signalbeam",
    "tutor:sleeptalk",
    "tutor:sludgebomb",
    "tutor:snarl",
    "tutor:stealthrock",
    "tutor:steelbeam",
    "tutor:stompingtantrum",
    "tutor:stoneedge",
    "tutor:swift",
    "tutor:tailwind",
    "tutor:telekinesis",
    "tutor:terrainpulse",
    "tutor:thunderbolt",
    "tutor:trick",
    "tutor:twister",
    "tutor:waterpulse",
    "tutor:wildcharge",
    "tutor:xscissor",
    "tutor:zenheadbutt",
    "legacy:aerialace",
    "legacy:confide",
    "legacy:doubleteam",
    "legacy:frustration",
    "legacy:hiddenpower",
    "legacy:mudslap",
    "legacy:return",
    "legacy:round",
    "legacy:secretpower",
    "legacy:snore",
    "legacy:swagger",
    "legacy:toxic",
    "legacy:whirlpool",
    "special:blastburn",
    "special:hydrocannon",
    "special:roaroftime",
    "special:shadowforce",
    "special:spacialrend"
  ],
  "evolutions": [],
  "forms": [],
  "behaviour": {
    "moving": {
      "swim": {
        "avoidsWater": true
      },
      "fly": {
        "canFly": true
      }
    },
    "combat": {
      "willDefendSelf": true,
      "willDefendOwner": true,
      "willFlee": false
    },
    "resting": {
      "drowsyChance": 0.0333,
      "rouseChance": 0.0042
    }
  }
}