{
  "implemented": true,
  "nationalPokedexNumber": 900,
  "name": "Kleavor",
  "primaryType": "bug",
  "secondaryType": "rock",
  "maleRatio": 0.5,
  "height": 18,
  "weight": 890,
  "pokedex": [
    "cobblemon.species.kleavor.desc"
  ],
  "labels": [
    "gen8a"
  ],
  "aspects": [],
  "abilities": [
    "swarm",
    "sheerforce",
    "h:sharpness"
  ],
  "eggGroups": [
    "bug"
  ],
  "baseStats": {
    "hp": 70,
    "attack": 135,
    "defence": 95,
    "special_attack": 45,
    "special_defence": 70,
    "speed": 85
  },
  "evYield": {
    "hp": 0,
    "attack": 3,
    "defence": 0,
    "special_attack": 0,
    "special_defence": 0,
    "speed": 0
  },
  "baseExperienceYield": 175,
  "experienceGroup": "medium_fast",
  "catchRate": 15,
  "eggCycles": 20,
  "baseFriendship": 50,
  "baseScale": 0.8,
  "hitbox": {
    "width": 1.2,
    "height": 2,
    "fixed": false
  },
  "behaviour": {
    "resting": {
      "canSleep": true,
      "light": "0-4"
    }
  },
  "drops": {
    "amount": 3,
    "entries": [
      {
        "item": "minecraft:stone_axe",
        "quantityRange": "0-2"
      },
      {
        "item": "cobblemon:wepear_berry",
        "percentage": 5.0
      }
    ]
  },
  "moves": [
    "1:stoneaxe",
    "1:leer",
    "1:quickattack",
    "1:pursuit",
    "1:wingattack",
    "4:furycutter",
    "8:falseswipe",
    "12:smackdown",
    "16:doubleteam",
    "20:doublehit",
    "24:slash",
    "28:focusenergy",
    "32:agility",
    "36:rockslide",
    "40:xscissor",
    "44:swordsdance",
    "egg:counter",
    "egg:defog",
    "egg:feint",
    "egg:nightslash",
    "egg:quickguard",
    "egg:razorwind",
    "tm:acrobatics",
    "tm:aerialace",
    "tm:agility",
    "tm:aircutter",
    "tm:airslash",
    "tm:batonpass",
    "tm:brickbreak",
    "tm:bugbite",
    "tm:bugbuzz",
    "tm:closecombat",
    "tm:defog",
    "tm:doubleedge",
    "tm:doubleteam",
    "tm:dualwingbeat",
    "tm:endure",
    "tm:facade",
    "tm:falseswipe",
    "tm:focusenergy",
    "tm:furycutter",
    "tm:gigaimpact",
    "tm:helpinghand",
    "tm:hyperbeam",
    "tm:lightscreen",
    "tm:lunge",
    "tm:ominouswind",
    "tm:pounce",
    "tm:protect",
    "tm:psychocut",
    "tm:raindance",
    "tm:rest",
    "tm:reversal",
    "tm:rockblast",
    "tm:rockslide",
    "tm:rocksmash",
    "tm:rocktomb",
    "tm:sandstorm",
    "tm:scaryface",
    "tm:silverwind",
    "tm:skittersmack",
    "tm:sleeptalk",
    "tm:smackdown",
    "tm:stealthrock",
    "tm:stoneedge",
    "tm:strugglebug",
    "tm:substitute",
    "tm:sunnyday",
    "tm:swift",
    "tm:swordsdance",
    "tm:tailwind",
    "tm:takedown",
    "tm:terablast",
    "tm:thief",
    "tm:trailblaze",
    "tm:uturn",
    "tm:vacuumwave",
    "tm:xscissor",
    "tutor:aerialace",
    "tutor:aircutter",
    "tutor:bugbite",
    "tutor:defog",
    "tutor:dualwingbeat",
    "tutor:falseswipe",
    "tutor:focusenergy",
    "tutor:furycutter",
    "tutor:gigaimpact",
    "tutor:helpinghand",
    "tutor:hyperbeam",
    "tutor:ominouswind",
    "tutor:psychocut",
    "tutor:rest",
    "tutor:rockslide",
    "tutor:rocksmash",
    "tutor:skittersmack",
    "tutor:sleeptalk",
    "tutor:stealthrock",
    "tutor:stoneedge",
    "tutor:swift",
    "tutor:tailwind",
    "tutor:vacuumwave",
    "tutor:xscissor"
  ],
  "preEvolution": "scyther",
  "evolutions": []
}