{
  "enabled": true,
  "neededInstalledMods": [],
  "neededUninstalledMods": [],
  "spawns": [
    {
      "id": "articuno",
      "pokemon": "articuno",
      "presets": [
        "natural"
      ],
      "type": "pokemon",
      "context": "grounded",
      "bucket": "ultra-rare",
      "level": "60",
      "weight": 0.1,
      "condition": {
        "canSeeSky": true,
        "biomes": [
          "#cobblemon:is_freezing"
        ],
        "isRaining": true
      }
    },
    {
      "id": "articuno-galarian",
      "pokemon": "articuno galarian",
      "presets": [
        "natural"
      ],
      "type": "pokemon",
      "context": "grounded",
      "bucket": "ultra-rare",
      "level": "60",
      "weight": 0.1,
      "condition": {
        "canSeeSky": true,
        "biomes": [
          "#cobblemon:is_freezing"
        ],
        "isRaining": false
      }
    }
  ]
}
