{
  "enabled": true,
  "neededInstalledMods": [],
  "neededUninstalledMods": [],
  "spawns": [
    {
      "id": "raikou-1",
      "pokemon": "raikou",
      "presets": [
        "natural"
      ],
      "type": "pokemon",
      "context": "grounded",
      "bucket": "ultra-rare",
      "level": "60",
      "weight": 0.1,
      "weightMultipliers": [
        {
          "multiplier": 2,
          "condition": {
            "isRaining": true
          },
          "anticondition": {
            "biomes": [
              "#cobblemon:is_arid",
              "#cobblemon:is_snowy"
            ]
          }
        },
        {
          "multiplier": 3,
          "condition": {
            "isThundering": true
          },
          "anticondition": {
            "biomes": [
              "#cobblemon:is_arid",
              "#cobblemon:is_snowy"
            ]
          }
        }
      ],
      "condition": {
        "minSkyLight": 8,
        "maxSkyLight": 15,
        "biomes": [
          "#cobblemon:is_overworld"
        ]
      }
    }
  ]
}
