{
  "enabled": true,
  "neededInstalledMods": [],
  "neededUninstalledMods": [],
  "spawns": [
    {
      "id": "jirachi-1",
      "pokemon": "jirachi",
      "presets": [
        "natural"
      ],
      "type": "pokemon",
      "context": "grounded",
      "bucket": "ultra-rare",
      "level": "60-80",
      "weight": 0.8,
      "condition": {
        "biomes": [
          "#cobblemon:is_end"
        ]
      }
    },
    {
      "id": "jirachi-2",
      "pokemon": "jirachi",
      "presets": [
        "natural"
      ],
      "type": "pokemon",
      "context": "grounded",
      "bucket": "ultra-rare",
      "level": "60-80",
      "weight": 0.8,
      "weightMultipliers": [
        {
          "multiplier": 1.5,
          "condition": {
            "maxY": -16
          }
        },
        {
          "multiplier": 1.5,
          "condition": {
            "maxY": -32
          }
        },
        {
          "multiplier": 1.5,
          "condition": {
            "maxY": -48
          }
        }
      ],
      "condition": {
        "minSkyLight": 0,
        "maxSkyLight": 7,
        "maxY": "0",
        "biomes": [
          "#cobblemon:is_overworld"
        ]
      },
      "anticondition": {
        "biomes": [
          "#cobblemon:is_deep_dark"
        ]
      }
    }
  ]
}