{
  "enabled": true,
  "neededInstalledMods": [],
  "neededUninstalledMods": [],
  "spawns": [
    {
      "id": "dialga-1",
      "pokemon": "dialga",
      "presets": [
        "natural"
      ],
      "type": "pokemon",
      "context": "grounded",
      "bucket": "ultra-rare",
      "level": "70",
      "weight": 0.1,
      "condition": {
        "canSeeSky": true,
        "biomes": [
          "minecraft:jagged_peaks"
        ]
      }
    },
    {
      "id": "dialga-2",
      "pokemon": "dialga",
      "presets": [
        "natural"
      ],
      "type": "pokemon",
      "context": "grounded",
      "bucket": "ultra-rare",
      "level": "70",
      "weight": 0.1,
      "condition": {
        "canSeeSky": true,
        "biomes": [
          "#cobblemon:is_peak"
        ]
      },
      "anticondition": {
        "biomes": [
          "minecraft:jagged_peaks"
        ]
      }
    }
  ]
}