{
  "enabled": true,
  "neededInstalledMods": [],
  "neededUninstalledMods": [],
  "spawns": [
    {
      "id": "shaymin-1",
      "pokemon": "shaymin",
      "presets": [
        "natural"
      ],
      "type": "pokemon",
      "context": "grounded",
      "bucket": "ultra-rare",
      "level": "50",
      "weight": 0.1,
      "condition": {
        "canSeeSky": true,
        "biomes": [
          "#cobblemon:is_floral"
        ],
        "timeRange": "night",
        "isRaining": false
      }
    }
  ]
}