{
  "enabled": true,
  "neededInstalledMods": [],
  "neededUninstalledMods": [],
  "spawns": [
    {
      "id": "arceus-1",
      "pokemon": "arceus",
      "presets": [],
      "type": "pokemon",
      "context": "grounded",
      "bucket": "ultra-rare",
      "level": "80",
      "weight": 0.1,
      "weightMultipliers": [
        {
          "multiplier": 3.0,
          "condition": {
            "timeRange": "night"
          }
        },
        {
          "multiplier": 2.0,
          "condition": {
            "isThundering": true
          }
        },
        {
          "multiplier": 2.0,
          "condition": {
            "minY": 100
          }
        },
        {
          "multiplier": 2.0,
          "condition": {
            "minY": 200
          }
        },
        {
          "multiplier": 2.0,
          "condition": {
            "minY": 300
          }
        }
      ],
      "condition": {
        "biomes": [
          "#cobblemon:is_overworld"
        ]
      }
    }
  ]
}