{
  "enabled": true,
  "neededInstalledMods": [],
  "neededUninstalledMods": [],
  "spawns": [
    {
      "id": "virizion-1",
      "pokemon": "virizion",
      "presets": [
        "natural"
      ],
      "type": "pokemon",
      "context": "grounded",
      "bucket": "ultra-rare",
      "level": "70",
      "weight": 0.1,
      "condition": {
        "canSeeSky": true,
        "biomes": [
          "#minecraft:is_forest"
        ]
      }
    },
    {
      "id": "virizion-2",
      "pokemon": "virizion",
      "presets": [
        "natural"
      ],
      "type": "pokemon",
      "context": "grounded",
      "bucket": "ultra-rare",
      "level": "70",
      "weight": 0.1,
      "condition": {
        "biomes": [
          "minecraft:flower_forest"
        ]
      }
    }
  ]
}