{
  "enabled": true,
  "neededInstalledMods": [],
  "neededUninstalledMods": [],
  "spawns": [
    {
      "id": "thundurus-1",
      "pokemon": "thundurus",
      "presets": [
        "natural"
      ],
      "type": "pokemon",
      "context": "grounded",
      "bucket": "ultra-rare",
      "level": "50",
      "weight": 0.1,
      "weightMultipliers": [
        {
          "multiplier": 4.0,
          "condition": {
            "isThundering": true
          }
        }
      ],
      "condition": {
        "biomes": [
          "#cobblemon:is_plains"
        ]
      }
    }
  ]
}