{
  "enabled": true,
  "neededInstalledMods": [],
  "neededUninstalledMods": [],
  "spawns": [
    {
      "id": "yveltal-1",
      "pokemon": "yveltal",
      "presets": [
        "natural"
      ],
      "type": "pokemon",
      "context": "grounded",
      "bucket": "ultra-rare",
      "level": "70",
      "weight": 0.1,
      "condition": {
        "timeRange": "night",
        "biomes": [
          "#cobblemon:is_forest"
        ]
      }
    },
    {
      "id": "yveltal-2",
      "pokemon": "yveltal",
      "presets": [
        "natural"
      ],
      "type": "pokemon",
      "context": "grounded",
      "bucket": "ultra-rare",
      "level": "70",
      "weight": 0.1,
      "condition": {
        "timeRange": "night",
        "biomes": [
          "#cobblemon:is_desert"
        ]
      }
    },
    {
      "id": "yveltal-3",
      "pokemon": "yveltal",
      "presets": [
        "natural"
      ],
      "type": "pokemon",
      "context": "grounded",
      "bucket": "ultra-rare",
      "level": "70",
      "weight": 0.1,
      "condition": {
        "biomes": [
          "#cobblemon:nether/is_soul_sand"
        ]
      }
    }
  ]
}
