{
  "enabled": true,
  "neededInstalledMods": [],
  "neededUninstalledMods": [],
  "spawns": [
    {
      "id": "meltan-1",
      "pokemon": "meltan",
      "presets": [
        "ancient_city"
      ],
      "type": "pokemon",
      "context": "grounded",
      "bucket": "rare",
      "level": "11-41",
      "weight": 0.1,
      "condition": {
        "canSeeSky": false,
        "biomes": [
          "#cobblemon:is_overworld"
        ]
      }
    },
    {
      "id": "meltan-1",
      "pokemon": "meltan",
      "presets": [
        "stronghold"
      ],
      "type": "pokemon",
      "context": "grounded",
      "bucket": "rare",
      "level": "11-41",
      "weight": 0.1,
      "condition": {
        "canSeeSky": false,
        "biomes": [
          "#cobblemon:is_overworld"
        ]
      }
    }
  ]
}