{
  "enabled": true,
  "neededInstalledMods": [],
  "neededUninstalledMods": [],
  "spawns": [
    {
      "id": "chiyu-1",
      "pokemon": "chiyu",
      "presets": [
        "lava"
      ],
      "type": "pokemon",
      "context": "grounded",
      "bucket": "ultra-rare",
      "level": "60",
      "weight": 2.5,
      "condition": {
        "maxY": 127,
        "biomes": [
          "#cobblemon:nether/is_basalt",
          "#cobblemon:nether/is_wasteland"
        ]
      }
    },
    {
      "id": "chiyu-2",
      "pokemon": "chiyu",
      "presets": [
        "natural"
      ],
      "type": "pokemon",
      "context": "grounded",
      "bucket": "ultra-rare",
      "level": "60",
      "weight": 4.0,
      "condition": {
        "biomes": [
          "#cobblemon:is_volcanic"
        ]
      }
    }
  ]
}
