{
  "enabled": true,
  "neededInstalledMods": [],
  "neededUninstalledMods": [],
  "spawns": [
    {
      "id": "miraidon-1",
      "pokemon": "miraidon",
      "presets": [
        "natural"
      ],
      "type": "pokemon",
      "context": "grounded",
      "bucket": "ultra-rare",
      "level": "70-80",
      "weight": 0.1,
      "condition": {
        "biomes": [
          "#cobblemon:is_end"
        ]
      }
    },
    {
      "id": "miraidon-2",
      "pokemon": "miraidon",
      "presets": [
        "natural"
      ],
      "type": "pokemon",
      "context": "grounded",
      "bucket": "ultra-rare",
      "level": "70-80",
      "weight": 0.1,
      "weightMultiplier": {
        "multiplier": 1.5,
        "condition": {
          "maxY": -40
        }
      },
      "condition": {
        "minSkyLight": 0,
        "maxSkyLight": 7,
        "maxY": "-16",
        "biomes": [
          "#cobblemon:is_overworld"
        ]
      },
      "anticondition": {
        "biomes": [
          "#cobblemon:is_deep_dark"
        ]
      }
    }
  ]
}
