{
  "implemented": true,
  "nationalPokedexNumber": 650,
  "name": "Chespin",
  "primaryType": "grass",
  "maleRatio": 0.875,
  "height": 4,
  "weight": 90,
  "pokedex": [
    "cobblemon.species.chespin.desc"
  ],
  "labels": [
    "gen6",
    "starter"
  ],
  "aspects": [],
  "abilities": [
    "overgrow",
    "h:bulletproof"
  ],
  "eggGroups": [
    "field"
  ],
  "baseStats": {
    "hp": 56,
    "attack": 61,
    "defence": 65,
    "special_attack": 48,
    "special_defence": 45,
    "speed": 38
  },
  "evYield": {
    "hp": 0,
    "attack": 0,
    "defence": 1,
    "special_attack": 0,
    "special_defence": 0,
    "speed": 0
  },
  "baseExperienceYield": 63,
  "experienceGroup": "medium_slow",
  "catchRate": 45,
  "eggCycles": 20,
  "baseFriendship": 50,
  "shoulderMountable": true,
  "baseScale": 0.8,
  "hitbox": {
    "width": 0.7,
    "height": 1,
    "fixed": false
  },
  "behaviour": {
    "resting": {
      "canSleep": true,
      "willSleepOnBed": true,
      "light": "0-4"
    }
  },
  "drops": {
    "amount": 1,
    "entries": [
      {
        "item": "cobblemon:miracle_seed",
        "percentage": 5.0
      }
    ]
  },
  "moves": [
    "1:tackle",
    "1:growl",
    "1:vinewhip",
    "8:rollout",
    "11:bite",
    "15:leechseed",
    "18:pinmissile",
    "27:takedown",
    "32:seedbomb",
    "35:mudshot",
    "42:bodyslam",
    "45:painsplit",
    "48:woodhammer",
    "egg:bellydrum",
    "egg:curse",
    "egg:defensecurl",
    "egg:quickguard",
    "egg:spikes",
    "egg:superfang",
    "egg:synthesis",
    "egg:wideguard",
    "tm:aerialace",
    "tm:bodyslam",
    "tm:brickbreak",
    "tm:bulldoze",
    "tm:bulletseed",
    "tm:curse",
    "tm:cut",
    "tm:dig",
    "tm:drainpunch",
    "tm:dualchop",
    "tm:endeavor",
    "tm:endure",
    "tm:energyball",
    "tm:facade",
    "tm:flash",
    "tm:fling",
    "tm:focuspunch",
    "tm:gigadrain",
    "tm:grassknot",
    "tm:grasspledge",
    "tm:grassyglide",
    "tm:grassyterrain",
    "tm:helpinghand",
    "tm:ironhead",
    "tm:irontail",
    "tm:leafstorm",
    "tm:lowkick",
    "tm:magicalleaf",
    "tm:metalclaw",
    "tm:mudshot",
    "tm:naturepower",
    "tm:painsplit",
    "tm:payback",
    "tm:pinmissile",
    "tm:poisonjab",
    "tm:poweruppunch",
    "tm:protect",
    "tm:raindance",
    "tm:reflect",
    "tm:rest",
    "tm:retaliate",
    "tm:roar",
    "tm:rockslide",
    "tm:rocksmash",
    "tm:rocktomb",
    "tm:rollout",
    "tm:seedbomb",
    "tm:shadowclaw",
    "tm:sleeptalk",
    "tm:solarbeam",
    "tm:spikes",
    "tm:stompingtantrum",
    "tm:strength",
    "tm:substitute",
    "tm:sunnyday",
    "tm:superfang",
    "tm:superpower",
    "tm:swift",
    "tm:synthesis",
    "tm:takedown",
    "tm:terablast",
    "tm:thunderpunch",
    "tm:trailblaze",
    "tm:workup",
    "tm:worryseed",
    "tm:zenheadbutt",
    "tutor:aerialace",
    "tutor:bulldoze",
    "tutor:drainpunch",
    "tutor:dualchop",
    "tutor:endeavor",
    "tutor:energyball",
    "tutor:focuspunch",
    "tutor:gigadrain",
    "tutor:grasspledge",
    "tutor:grassyglide",
    "tutor:helpinghand",
    "tutor:ironhead",
    "tutor:irontail",
    "tutor:lowkick",
    "tutor:magicalleaf",
    "tutor:painsplit",
    "tutor:poisonjab",
    "tutor:rest",
    "tutor:rockslide",
    "tutor:rocksmash",
    "tutor:rollout",
    "tutor:seedbomb",
    "tutor:shadowclaw",
    "tutor:sleeptalk",
    "tutor:spikes",
    "tutor:stompingtantrum",
    "tutor:superfang",
    "tutor:superpower",
    "tutor:swift",
    "tutor:synthesis",
    "tutor:thunderpunch",
    "tutor:worryseed",
    "tutor:zenheadbutt"
  ],
  "evolutions": [
    {
      "id": "chespin_quilladin",
      "variant": "level_up",
      "result": "quilladin",
      "consumeHeldItem": false,
      "learnableMoves": [
        "needlearm"
      ],
      "requirements": [
        {
          "variant": "level",
          "minLevel": 16
        }
      ]
    }
  ]
}