{
  "implemented": true,
  "nationalPokedexNumber": 653,
  "name": "Fennekin",
  "primaryType": "fire",
  "maleRatio": 0.875,
  "height": 4,
  "weight": 94,
  "pokedex": [
    "cobblemon.species.fennekin.desc"
  ],
  "labels": [
    "gen6",
    "starter"
  ],
  "aspects": [],
  "abilities": [
    "blaze",
    "h:magician"
  ],
  "eggGroups": [
    "field"
  ],
  "baseStats": {
    "hp": 40,
    "attack": 45,
    "defence": 40,
    "special_attack": 62,
    "special_defence": 60,
    "speed": 60
  },
  "evYield": {
    "hp": 0,
    "attack": 0,
    "defence": 0,
    "special_attack": 1,
    "special_defence": 0,
    "speed": 0
  },
  "baseExperienceYield": 61,
  "experienceGroup": "medium_slow",
  "catchRate": 45,
  "eggCycles": 20,
  "baseFriendship": 50,
  "shoulderMountable": true,
  "baseScale": 0.5,
  "hitbox": {
    "width": 1,
    "height": 1.4,
    "fixed": false
  },
  "behaviour": {
    "moving": {
      "walk": {
        "walkSpeed": 0.2
      }
    }
  },
  "drops": {
    "amount": 2,
    "entries": [
      {
        "item": "minecraft:blaze_powder",
        "quantityRange": "0-1"
      },
      {
        "item": "cobblemon:charcoal_stick",
        "percentage": 5.0
      }
    ]
  },
  "moves": [
    "1:scratch",
    "1:tailwhip",
    "5:ember",
    "11:howl",
    "14:flamecharge",
    "17:psybeam",
    "20:firespin",
    "25:luckychant",
    "31:psyshock",
    "35:flamethrower",
    "38:willowisp",
    "41:psychic",
    "43:sunnyday",
    "48:fireblast",
    "egg:copycat",
    "egg:heatwave",
    "egg:hypnosis",
    "egg:magicroom",
    "egg:wish",
    "tm:agility",
    "tm:burningjealousy",
    "tm:calmmind",
    "tm:charm",
    "tm:covet",
    "tm:cut",
    "tm:dreameater",
    "tm:echoedvoice",
    "tm:embargo",
    "tm:encore",
    "tm:endure",
    "tm:facade",
    "tm:fireblast",
    "tm:firepledge",
    "tm:firespin",
    "tm:flamecharge",
    "tm:flamethrower",
    "tm:flareblitz",
    "tm:foulplay",
    "tm:grassknot",
    "tm:heatwave",
    "tm:helpinghand",
    "tm:imprison",
    "tm:incinerate",
    "tm:irontail",
    "tm:lightscreen",
    "tm:magiccoat",
    "tm:magicroom",
    "tm:mudshot",
    "tm:mudslap",
    "tm:overheat",
    "tm:poweruppunch",
    "tm:protect",
    "tm:psybeam",
    "tm:psychic",
    "tm:psychicterrain",
    "tm:psyshock",
    "tm:raindance",
    "tm:rest",
    "tm:safeguard",
    "tm:skillswap",
    "tm:sleeptalk",
    "tm:solarbeam",
    "tm:storedpower",
    "tm:substitute",
    "tm:sunnyday",
    "tm:swift",
    "tm:takedown",
    "tm:terablast",
    "tm:thief",
    "tm:trick",
    "tm:trickroom",
    "tm:willowisp",
    "tm:workup",
    "tutor:burningjealousy",
    "tutor:calmmind",
    "tutor:covet",
    "tutor:firepledge",
    "tutor:flamethrower",
    "tutor:foulplay",
    "tutor:heatwave",
    "tutor:helpinghand",
    "tutor:irontail",
    "tutor:magiccoat",
    "tutor:magicroom",
    "tutor:mudslap",
    "tutor:psychic",
    "tutor:rest",
    "tutor:skillswap",
    "tutor:sleeptalk",
    "tutor:swift",
    "tutor:trick"
  ],
  "evolutions": [
    {
      "id": "fennekin_braixen",
      "variant": "level_up",
      "result": "braixen",
      "consumeHeldItem": false,
      "learnableMoves": [],
      "requirements": [
        {
          "variant": "level",
          "minLevel": 16
        }
      ]
    }
  ]
}