{
  "implemented": true,
  "nationalPokedexNumber": 155,
  "name": "Cyndaquil",
  "primaryType": "fire",
  "maleRatio": 0.875,
  "height": 5,
  "weight": 79,
  "pokedex": [
    "cobblemon.species.cyndaquil.desc"
  ],
  "labels": [
    "gen2",
    "starter",
    "johtonian_form"
  ],
  "aspects": [],
  "abilities": [
    "blaze",
    "h:flashfire"
  ],
  "eggGroups": [
    "field"
  ],
  "baseStats": {
    "hp": 39,
    "attack": 52,
    "defence": 43,
    "special_attack": 60,
    "special_defence": 50,
    "speed": 65
  },
  "evYield": {
    "hp": 0,
    "attack": 0,
    "defence": 0,
    "special_attack": 0,
    "special_defence": 0,
    "speed": 1
  },
  "baseExperienceYield": 62,
  "experienceGroup": "medium_slow",
  "catchRate": 45,
  "eggCycles": 20,
  "baseFriendship": 50,
  "shoulderMountable": true,
  "features": [
    "region_bias"
  ],
  "baseScale": 0.5,
  "hitbox": {
    "width": 0.8,
    "height": 1.15,
    "fixed": false
  },
  "behaviour": {
    "resting": {
      "canSleep": true,
      "willSleepOnBed": true,
      "light": "0-4"
    },
    "moving": {
      "walk": {
        "walkSpeed": 0.2
      }
    }
  },
  "drops": {
    "amount": 1,
    "entries": [
      {
        "item": "cobblemon:charcoal_stick",
        "percentage": 5.0
      }
    ]
  },
  "moves": [
    "1:tackle",
    "1:leer",
    "6:smokescreen",
    "10:ember",
    "13:quickattack",
    "19:flamewheel",
    "22:defensecurl",
    "28:flamecharge",
    "31:swift",
    "37:lavaplume",
    "40:flamethrower",
    "46:inferno",
    "49:rollout",
    "55:doubleedge",
    "58:overheat",
    "64:eruption",
    "egg:covet",
    "egg:crushclaw",
    "egg:curse",
    "egg:doublekick",
    "egg:extrasensory",
    "egg:flameburst",
    "egg:foresight",
    "egg:furyswipes",
    "egg:howl",
    "egg:reversal",
    "egg:thrash",
    "tm:aerialace",
    "tm:bodyslam",
    "tm:burningjealousy",
    "tm:burnup",
    "tm:covet",
    "tm:curse",
    "tm:cut",
    "tm:dig",
    "tm:doubleedge",
    "tm:endure",
    "tm:facade",
    "tm:fireblast",
    "tm:firefang",
    "tm:firepledge",
    "tm:firespin",
    "tm:flamecharge",
    "tm:flamethrower",
    "tm:flareblitz",
    "tm:headbutt",
    "tm:heatwave",
    "tm:incinerate",
    "tm:ironhead",
    "tm:naturepower",
    "tm:overheat",
    "tm:playrough",
    "tm:protect",
    "tm:rest",
    "tm:reversal",
    "tm:roar",
    "tm:rollout",
    "tm:sleeptalk",
    "tm:substitute",
    "tm:sunnyday",
    "tm:swift",
    "tm:takedown",
    "tm:temperflare",
    "tm:terablast",
    "tm:wildcharge",
    "tm:willowisp",
    "tm:workup",
    "tm:zenheadbutt",
    "tutor:aerialace",
    "tutor:burningjealousy",
    "tutor:covet",
    "tutor:firefang",
    "tutor:firepledge",
    "tutor:flamethrower",
    "tutor:heatwave",
    "tutor:ironhead",
    "tutor:playrough",
    "tutor:rest",
    "tutor:rollout",
    "tutor:sleeptalk",
    "tutor:swift",
    "tutor:wildcharge",
    "tutor:zenheadbutt"
  ],
  "evolutions": [
    {
      "id": "cyndaquil_quilava",
      "variant": "level_up",
      "result": "quilava",
      "consumeHeldItem": false,
      "learnableMoves": [],
      "requirements": [
        {
          "variant": "level",
          "minLevel": 14
        }
      ]
    }
  ],
  "forms": [
    {
      "name": "Hisui-Bias",
      "primaryType": "fire",
      "maleRatio": 0.875,
      "height": 5,
      "weight": 79,
      "pokedex": [
        "cobblemon.species.cyndaquil-hisuibias.desc"
      ],
      "labels": [
        "gen8a",
        "starter",
        "customized_official",
        "hisuian_form"
      ],
      "aspects": [
        "region-bias-hisui"
      ],
      "dynamaxBlocked": false,
      "evolutions": [
        {
          "id": "cyndaquil_quilava",
          "variant": "level_up",
          "result": "quilava",
          "consumeHeldItem": false,
          "learnableMoves": [],
          "requirements": [
            {
              "variant": "level",
              "minLevel": 14
            }
          ]
        }
      ]
    }
  ]
}