{
  "type": "loot_table",
    "pools": [
      {
        "bonus_rolls": 0.0,
        "entries": [
          {
            "type": "minecraft:item",
            "functions": [
              {
                "count": {
                  "type": "minecraft:uniform",
                  "max": 4.0,
                  "min": 1.0
                },
                "function": "minecraft:set_count"
              }
            ],
            "name": "cobblemon:exp_candy_xs",
            "weight": 1
          },
          {
            "type": "minecraft:item",
            "name": "minecraft:air",
            "weight": 1
          }
        ],
        "rolls": 1.0
      }
    ]
  }