{
  "type": "loot_table",
    "pools": [
      {
        "bonus_rolls": 0.0,
        "entries": [
          {
            "type": "minecraft:item",
            "functions": [
              {
                "count": {
                  "type": "minecraft:uniform",
                  "max": 24.0,
                  "min": 8.0
                },
                "function": "minecraft:set_count"
              }
            ],
            "name": "cobblemon:muscle_feather",
            "weight": 1
          },
          {
            "type": "minecraft:item",
            "functions": [
              {
                "count": {
                  "type": "minecraft:uniform",
                  "max": 24.0,
                  "min": 8.0
                },
                "function": "minecraft:set_count"
              }
            ],
            "name": "cobblemon:resist_feather",
            "weight": 1
          },
          {
            "type": "minecraft:item",
            "functions": [
              {
                "count": {
                  "type": "minecraft:uniform",
                  "max": 24.0,
                  "min": 8.0
                },
                "function": "minecraft:set_count"
              }
            ],
            "name": "cobblemon:genius_feather",
            "weight": 1
          },
          {
            "type": "minecraft:item",
            "functions": [
              {
                "count": {
                  "type": "minecraft:uniform",
                  "max": 24.0,
                  "min": 8.0
                },
                "function": "minecraft:set_count"
              }
            ],
            "name": "cobblemon:swift_feather",
            "weight": 1
          },
          {
            "type": "minecraft:item",
            "functions": [
              {
                "count": {
                  "type": "minecraft:uniform",
                  "max": 24.0,
                  "min": 8.0
                },
                "function": "minecraft:set_count"
              }
            ],
            "name": "cobblemon:health_feather",
            "weight": 1
          },
          {
            "type": "minecraft:item",
            "functions": [
              {
                "count": {
                  "type": "minecraft:uniform",
                  "max": 24.0,
                  "min": 8.0
                },
                "function": "minecraft:set_count"
              }
            ],
            "name": "cobblemon:clever_feather",
            "weight": 1
          }
        ],
        "rolls": 1.0
      }
    ]
  }