{
  "type": "loot_table",
    "pools": [
      {
        "bonus_rolls": 0.0,
        "entries": [
          {
            "type": "minecraft:item",
            "name": "cobblemon:fire_stone",
            "weight": 1
          },
          {
            "type": "minecraft:item",
            "name": "cobblemon:thunder_stone",
            "weight": 1
          },
          {
            "type": "minecraft:item",
            "name": "cobblemon:water_stone",
            "weight": 1
          },
          {
            "type": "minecraft:item",
            "name": "cobblemon:leaf_stone",
            "weight": 1
          },
          {
            "type": "minecraft:item",
            "name": "cobblemon:moon_stone",
            "weight": 1
          },
          {
            "type": "minecraft:item",
            "name": "cobblemon:sun_stone",
            "weight": 1
          },
          {
            "type": "minecraft:item",
            "name": "cobblemon:dawn_stone",
            "weight": 1
          },
          {
            "type": "minecraft:item",
            "name": "cobblemon:dusk_stone",
            "weight": 1
          },
          {
            "type": "minecraft:item",
            "name": "cobblemon:shiny_stone",
            "weight": 1
          },
          {
            "type": "minecraft:item",
            "name": "cobblemon:ice_stone",
            "weight": 1
          }
        ],
        "rolls": 1.0
      }
    ]
  }