{
  "type": "loot_table",
    "pools": [
      {
        "bonus_rolls": 0.0,
        "entries": [
          {
            "type": "minecraft:item",
            "name": "cobblemon:sail_fossil",
            "weight": 1
          },
          {
            "type": "minecraft:item",
            "name": "cobblemon:fossilized_bird",
            "weight": 1
          },
          {
            "type": "minecraft:item",
            "name": "cobblemon:dome_fossil",
            "weight": 1
          },
          {
            "type": "minecraft:item",
            "name": "cobblemon:claw_fossil",
            "weight": 1
          },
          {
            "type": "minecraft:item",
            "name": "cobblemon:fossilized_drake",
            "weight": 1
          },
          {
            "type": "minecraft:item",
            "name": "cobblemon:plume_fossil",
            "weight": 1
          },
          {
            "type": "minecraft:item",
            "name": "cobblemon:root_fossil",
            "weight": 1
          },
          {
            "type": "minecraft:item",
            "name": "cobblemon:jaw_fossil",
            "weight": 1
          },
          {
            "type": "minecraft:item",
            "name": "cobblemon:fossilized_fish",
            "weight": 1
          },
          {
            "type": "minecraft:item",
            "name": "cobblemon:old_amber_fossil",
            "weight": 1
          },
          {
            "type": "minecraft:item",
            "name": "cobblemon:skull_fossil",
            "weight": 1
          },
          {
            "type": "minecraft:item",
            "name": "cobblemon:cover_fossil",
            "weight": 1
          },
          {
            "type": "minecraft:item",
            "name": "cobblemon:armor_fossil",
            "weight": 1
          },
          {
            "type": "minecraft:item",
            "name": "cobblemon:helix_fossil",
            "weight": 1
          },
          {
            "type": "minecraft:item",
            "name": "cobblemon:fossilized_dino",
            "weight": 1
          }
        ],
        "rolls": 1.0
      }
    ]
  }