{
  "type": "loot_table",
    "pools": [
      {
        "bonus_rolls": 0.0,
        "entries": [
          {
            "type": "minecraft:item",
            "name": "cobblemon:psychic_gem",
            "weight": 1
          },
          {
            "type": "minecraft:item",
            "name": "cobblemon:steel_gem",
            "weight": 1
          },
          {
            "type": "minecraft:item",
            "name": "cobblemon:poison_gem",
            "weight": 1
          },
          {
            "type": "minecraft:item",
            "name": "cobblemon:bug_gem",
            "weight": 1
          },
          {
            "type": "minecraft:item",
            "name": "cobblemon:ground_gem",
            "weight": 1
          },
          {
            "type": "minecraft:item",
            "name": "cobblemon:fighting_gem",
            "weight": 1
          },
          {
            "type": "minecraft:item",
            "name": "cobblemon:grass_gem",
            "weight": 1
          },
          {
            "type": "minecraft:item",
            "name": "cobblemon:normal_gem",
            "weight": 1
          },
          {
            "type": "minecraft:item",
            "name": "cobblemon:flying_gem",
            "weight": 1
          },
          {
            "type": "minecraft:item",
            "name": "cobblemon:rock_gem",
            "weight": 1
          },
          {
            "type": "minecraft:item",
            "name": "cobblemon:ice_gem",
            "weight": 1
          },
          {
            "type": "minecraft:item",
            "name": "cobblemon:fairy_gem",
            "weight": 1
          },
          {
            "type": "minecraft:item",
            "name": "cobblemon:dragon_gem",
            "weight": 1
          },
          {
            "type": "minecraft:item",
            "name": "cobblemon:fire_gem",
            "weight": 1
          },
          {
            "type": "minecraft:item",
            "name": "cobblemon:dark_gem",
            "weight": 1
          },
          {
            "type": "minecraft:item",
            "name": "cobblemon:electric_gem",
            "weight": 1
          },
          {
            "type": "minecraft:item",
            "name": "cobblemon:ghost_gem",
            "weight": 1
          },
          {
            "type": "minecraft:item",
            "name": "cobblemon:water_gem",
            "weight": 1
          }
        ],
        "rolls": 1.0
      }
    ]
  }