{
  "type": "loot_table",
    "pools": [
      {
        "bonus_rolls": 0.0,
        "entries": [
          {
            "type": "minecraft:item",
            "name": "cobblemon:health_candy",
            "weight": 1
          },
          {
            "type": "minecraft:item",
            "name": "cobblemon:mighty_candy",
            "weight": 1
          },
          {
            "type": "minecraft:item",
            "name": "cobblemon:tough_candy",
            "weight": 1
          },
          {
            "type": "minecraft:item",
            "name": "cobblemon:smart_candy",
            "weight": 1
          },
          {
            "type": "minecraft:item",
            "name": "cobblemon:courage_candy",
            "weight": 1
          },
          {
            "type": "minecraft:item",
            "name": "cobblemon:quick_candy",
            "weight": 1
          }
        ],
        "rolls": 1.0
      }
    ]
  }