{
  "type": "loot_table",
    "pools": [
      {
        "bonus_rolls": 0.0,
        "entries": [
          {
            "type": "minecraft:item",
            "name": "cobblemon:antidote",
            "weight": 10
          },
          {
            "type": "minecraft:item",
            "name": "cobblemon:awakening",
            "weight": 10
          },
          {
            "type": "minecraft:item",
            "name": "cobblemon:berry_juice",
            "weight": 10
          },
          {
            "type": "minecraft:item",
            "name": "cobblemon:burn_heal",
            "weight": 10
          },
          {
            "type": "minecraft:item",
            "name": "cobblemon:elixir",
            "weight": 3
          },
          {
            "type": "minecraft:item",
            "name": "cobblemon:max_elixir",
            "weight": 1
          },
          {
            "type": "minecraft:item",
            "name": "cobblemon:energy_root",
            "weight": 10
          },
          {
            "type": "minecraft:item",
            "name": "cobblemon:ether",
            "weight": 5
          },
          {
            "type": "minecraft:item",
            "name": "cobblemon:max_ether",
            "weight": 2
          },
          {
            "type": "minecraft:item",
            "name": "cobblemon:full_heal",
            "weight": 2
          },
          {
            "type": "minecraft:item",
            "name": "cobblemon:full_restore",
            "weight": 1
          },
          {
            "type": "minecraft:item",
            "name": "cobblemon:heal_powder",
            "weight": 10
          },
          {
            "type": "minecraft:item",
            "name": "cobblemon:ice_heal",
            "weight": 10
          },
          {
            "type": "minecraft:item",
            "name": "cobblemon:medicinal_brew",
            "weight": 10
          },
          {
            "type": "minecraft:item",
            "name": "cobblemon:paralyze_heal",
            "weight": 10
          },
          {
            "type": "minecraft:item",
            "name": "cobblemon:potion",
            "weight": 10
          },
          {
            "type": "minecraft:item",
            "name": "cobblemon:super_potion",
            "weight": 5
          },
          {
            "type": "minecraft:item",
            "name": "cobblemon:hyper_potion",
            "weight": 2
          },
          {
            "type": "minecraft:item",
            "name": "cobblemon:max_potion",
            "weight": 1
          },
          {
            "type": "minecraft:item",
            "name": "cobblemon:remedy",
            "weight": 10
          },
          {
            "type": "minecraft:item",
            "name": "cobblemon:fine_remedy",
            "weight": 3
          },
          {
            "type": "minecraft:item",
            "name": "cobblemon:superb_remedy",
            "weight": 1
          },
          {
            "type": "minecraft:item",
            "name": "cobblemon:revive",
            "weight": 3
          },
          {
            "type": "minecraft:item",
            "name": "cobblemon:max_revive",
            "weight": 1
          }
        ],
        "rolls": 1.0
      }
    ]
  }