{
  "type": "loot_table",
    "pools": [
      {
        "bonus_rolls": 0.0,
        "entries": [
          {
            "type": "minecraft:item",
            "functions": [
              {
                "count": {
                  "type": "minecraft:uniform",
                  "max": 4.0,
                  "min": 1.0
                },
                "function": "minecraft:set_count"
              }
            ],
            "name": "cobblemon:health_mochi",
            "weight": 1
          },
          {
            "type": "minecraft:item",
            "functions": [
              {
                "count": {
                  "type": "minecraft:uniform",
                  "max": 8.0,
                  "min": 1.0
                },
                "function": "minecraft:set_count"
              }
            ],
            "name": "cobblemon:muscle_mochi",
            "weight": 1
          },
          {
            "type": "minecraft:item",
            "functions": [
              {
                "count": {
                  "type": "minecraft:uniform",
                  "max": 8.0,
                  "min": 1.0
                },
                "function": "minecraft:set_count"
              }
            ],
            "name": "cobblemon:resist_mochi",
            "weight": 1
          },
          {
            "type": "minecraft:item",
            "functions": [
              {
                "count": {
                  "type": "minecraft:uniform",
                  "max": 8.0,
                  "min": 1.0
                },
                "function": "minecraft:set_count"
              }
            ],
            "name": "cobblemon:genius_mochi",
            "weight": 1
          },
          {
            "type": "minecraft:item",
            "functions": [
              {
                "count": {
                  "type": "minecraft:uniform",
                  "max": 8.0,
                  "min": 1.0
                },
                "function": "minecraft:set_count"
              }
            ],
            "name": "cobblemon:clever_mochi",
            "weight": 1
          },
          {
            "type": "minecraft:item",
            "functions": [
              {
                "count": {
                  "type": "minecraft:uniform",
                  "max": 8.0,
                  "min": 1.0
                },
                "function": "minecraft:set_count"
              }
            ],
            "name": "cobblemon:swift_mochi",
            "weight": 1
          }
        ],
        "rolls": 1.0
      }
    ]
  }