{
  "type": "loot_table",
    "pools": [
      {
        "bonus_rolls": 0.0,
        "entries": [
          {
            "type": "minecraft:item",
            "functions": [
              {
                "count": {
                  "type": "minecraft:uniform",
                  "max": 2.0,
                  "min": 1.0
                },
                "function": "minecraft:set_count"
              }
            ],
            "name": "cobblemon:mulch_base",
            "weight": 1
          },
          {
            "type": "minecraft:item",
            "functions": [
              {
                "count": {
                  "type": "minecraft:uniform",
                  "max": 2.0,
                  "min": 1.0
                },
                "function": "minecraft:set_count"
              }
            ],
            "name": "cobblemon:growth_mulch",
            "weight": 1
          },
          {
            "type": "minecraft:item",
            "functions": [
              {
                "count": {
                  "type": "minecraft:uniform",
                  "max": 2.0,
                  "min": 1.0
                },
                "function": "minecraft:set_count"
              }
            ],
            "name": "cobblemon:rich_mulch",
            "weight": 1
          },
          {
            "type": "minecraft:item",
            "functions": [
              {
                "count": {
                  "type": "minecraft:uniform",
                  "max": 2.0,
                  "min": 1.0
                },
                "function": "minecraft:set_count"
              }
            ],
            "name": "cobblemon:peat_mulch",
            "weight": 1
          },
          {
            "type": "minecraft:item",
            "functions": [
              {
                "count": {
                  "type": "minecraft:uniform",
                  "max": 2.0,
                  "min": 1.0
                },
                "function": "minecraft:set_count"
              }
            ],
            "name": "cobblemon:humid_mulch",
            "weight": 1
          },
          {
            "type": "minecraft:item",
            "functions": [
              {
                "count": {
                  "type": "minecraft:uniform",
                  "max": 2.0,
                  "min": 1.0
                },
                "function": "minecraft:set_count"
              }
            ],
            "name": "cobblemon:surprise_mulch",
            "weight": 1
          },
          {
            "type": "minecraft:item",
            "functions": [
              {
                "count": {
                  "type": "minecraft:uniform",
                  "max": 2.0,
                  "min": 1.0
                },
                "function": "minecraft:set_count"
              }
            ],
            "name": "cobblemon:loamy_mulch",
            "weight": 1
          },
          {
            "type": "minecraft:item",
            "functions": [
              {
                "count": {
                  "type": "minecraft:uniform",
                  "max": 2.0,
                  "min": 1.0
                },
                "function": "minecraft:set_count"
              }
            ],
            "name": "cobblemon:coarse_mulch",
            "weight": 1
          },
          {
            "type": "minecraft:item",
            "functions": [
              {
                "count": {
                  "type": "minecraft:uniform",
                  "max": 2.0,
                  "min": 1.0
                },
                "function": "minecraft:set_count"
              }
            ],
            "name": "cobblemon:sandy_mulch",
            "weight": 1
          }
        ],
        "rolls": 1.0
      }
    ]
  }