{
  "type": "loot_table",
    "pools": [
      {
        "bonus_rolls": 0.0,
        "entries": [
          {
            "type": "minecraft:item",
            "functions": [
              {
                "count": {
                  "type": "minecraft:uniform",
                  "max": 2.0,
                  "min": 1.0
                },
                "function": "minecraft:set_count"
              }
            ],
            "name": "cobblemon:ancient_poke_ball",
            "weight": 3
          },
          {
            "type": "minecraft:item",
            "functions": [
              {
                "count": {
                  "type": "minecraft:uniform",
                  "max": 2.0,
                  "min": 1.0
                },
                "function": "minecraft:set_count"
              }
            ],
            "name": "cobblemon:ancient_verdant_ball",
            "weight": 1
          },
          {
            "type": "minecraft:item",
            "functions": [
              {
                "count": {
                  "type": "minecraft:uniform",
                  "max": 2.0,
                  "min": 1.0
                },
                "function": "minecraft:set_count"
              }
            ],
            "name": "cobblemon:ancient_azure_ball",
            "weight": 1
          },
          {
            "type": "minecraft:item",
            "functions": [
              {
                "count": {
                  "type": "minecraft:uniform",
                  "max": 2.0,
                  "min": 1.0
                },
                "function": "minecraft:set_count"
              }
            ],
            "name": "cobblemon:ancient_citrine_ball",
            "weight": 1
          },
          {
            "type": "minecraft:item",
            "functions": [
              {
                "count": {
                  "type": "minecraft:uniform",
                  "max": 2.0,
                  "min": 1.0
                },
                "function": "minecraft:set_count"
              }
            ],
            "name": "cobblemon:ancient_roseate_ball",
            "weight": 1
          },
          {
            "type": "minecraft:item",
            "functions": [
              {
                "count": {
                  "type": "minecraft:uniform",
                  "max": 2.0,
                  "min": 1.0
                },
                "function": "minecraft:set_count"
              }
            ],
            "name": "cobblemon:ancient_slate_ball",
            "weight": 1
          },
          {
            "type": "minecraft:item",
            "functions": [
              {
                "count": {
                  "type": "minecraft:uniform",
                  "max": 2.0,
                  "min": 1.0
                },
                "function": "minecraft:set_count"
              }
            ],
            "name": "cobblemon:ancient_ivory_ball",
            "weight": 1
          }
        ],
        "rolls": 1.0
      }
    ]
  }