{
  "type": "loot_table",
    "pools": [
      {
        "bonus_rolls": 0.0,
        "entries": [
          {
            "type": "minecraft:item",
            "name": "cobblemon:calcium",
            "weight": 1
          },
          {
            "type": "minecraft:item",
            "name": "cobblemon:carbos",
            "weight": 1
          },
          {
            "type": "minecraft:item",
            "name": "cobblemon:hp_up",
            "weight": 1
          },
          {
            "type": "minecraft:item",
            "name": "cobblemon:iron",
            "weight": 1
          },
          {
            "type": "minecraft:item",
            "name": "cobblemon:pp_max",
            "weight": 1
          },
          {
            "type": "minecraft:item",
            "name": "cobblemon:pp_up",
            "weight": 1
          },
          {
            "type": "minecraft:item",
            "name": "cobblemon:protein",
            "weight": 1
          },
          {
            "type": "minecraft:item",
            "name": "cobblemon:zinc",
            "weight": 1
          }
        ],
        "rolls": 1.0
      }
    ]
  }