{
  "type": "loot_table",
    "pools": [
      {
        "bonus_rolls": 0.0,
        "entries": [
          {
            "type": "minecraft:item",
            "name": "cobblemon:dire_hit",
            "weight": 1
          },
          {
            "type": "minecraft:item",
            "name": "cobblemon:guard_spec",
            "weight": 1
          },
          {
            "type": "minecraft:item",
            "name": "cobblemon:x_accuracy",
            "weight": 1
          },
          {
            "type": "minecraft:item",
            "name": "cobblemon:x_attack",
            "weight": 1
          },
          {
            "type": "minecraft:item",
            "name": "cobblemon:x_special_attack",
            "weight": 1
          },
          {
            "type": "minecraft:item",
            "name": "cobblemon:x_defence",
            "weight": 1
          },
          {
            "type": "minecraft:item",
            "name": "cobblemon:x_special_defence",
            "weight": 1
          },
          {
            "type": "minecraft:item",
            "name": "cobblemon:x_speed",
            "weight": 1
          }
        ],
        "rolls": 1.0
      }
    ]
  }