{
  "type": "loot_table",
  "pools": [
    {
        "bonus_rolls": 0.0,
        "entries": [
          {
            "type": "minecraft:item",
            "functions": [
              {
                "count": {
                  "type": "minecraft:uniform",
                  "max": 12.0,
                  "min": 8.0
                },
                "function": "minecraft:set_count"
              }
            ],
            "name": "cobblemon:exp_candy_xl",
            "weight": 1
          },
          {
            "type": "minecraft:item",
            "functions": [
              {
                "count": {
                  "type": "minecraft:uniform",
                  "max": 10.0,
                  "min": 8.0
                },
                "function": "minecraft:set_count"
              }
            ],
            "name": "cobblemon:rare_candy",
            "weight": 1
          }
        ],
        "rolls": 1.0
    },
    {
      "bonus_rolls": 0.0,
      "entries": [
        {
          "type": "minecraft:item",
          "expand": true,
          "name": "minecraft:netherite_ingot"
        }
      ],
      "rolls": {
          "type": "minecraft:uniform",
          "max": 1.0,
          "min": 1.0
        }
    },
    {
      "bonus_rolls": 0.0,
      "entries": [
        {
          "type": "loot_table",
          "value": "academy:cobblemon/helditems"
        },
        {
          "type": "loot_table",
          "value": "academy:cobblemon/evoitems"
        },
        {
          "type": "loot_table",
          "value": "academy:cobblemon/xitems"
        },
        {
          "type": "loot_table",
          "value": "academy:cobblemon/medicine"
        },
        {
          "type": "loot_table",
          "value": "academy:cobblemon/vitamins"
        },
        {
          "type": "loot_table",
          "value": "academy:cobblemon/evfeathers_greater"
        },
        {
          "type": "loot_table",
          "value": "academy:cobblemon/gems"
        }
      ],
      "rolls": {
        "type": "minecraft:uniform",
        "max": 6.0,
        "min": 4.0
      }
    },
    {
      "bonus_rolls": 0.0,
      "entries": [
        {
          "type": "minecraft:item",
          "name": "cobblemon:ability_capsule",
          "weight": 5
        },
        {
          "type": "minecraft:item",
          "name": "cobblemon:ability_patch",
          "weight": 1
        },
        {
          "type": "minecraft:empty",
          "weight": 20
        }
      ],
      "rolls": 1.0
    },
    {
      "bonus_rolls": 0.0,
      "entries": [
        {
          "type": "minecraft:empty",
          "weight": 8
        },
        {
          "type": "loot_table",
          "value": "academy:gimmicks/mythicals_legendaries",
          "weight": 1
        }
      ],
      "rolls": 1.0
    },
    {
      "bonus_rolls": 0.0,
      "entries": [
        {
          "type": "minecraft:empty",
          "weight": 6
        },
        {
          "type": "loot_table",
          "value": "academy:gimmicks/megastones",
          "weight": 1
        }
      ],
      "rolls": 1.0
    }
  ],
  "rolls": 1.0
}
