{
  "implemented": true,
  "nationalPokedexNumber": 1017,
  "name": "Ogerpon",
  "primaryType": "grass",
  "maleRatio": 0,
  "height": 12,
  "weight": 398,
  "pokedex": [
    "cobblemon.species.ogerpon.desc"
  ],
  "labels": [
    "gen9",
    "legendary"
  ],
  "aspects": [
    "teal-mask"
  ],
  "abilities": [
    "defiant",
    "h:defiant"
  ],
  "eggGroups": [
    "undiscovered"
  ],
  "baseStats": {
    "hp": 80,
    "attack": 120,
    "defence": 84,
    "special_attack": 60,
    "special_defence": 96,
    "speed": 110
  },
  "evYield": {
    "hp": 0,
    "attack": 3,
    "defence": 0,
    "special_attack": 0,
    "special_defence": 0,
    "speed": 0
  },
  "baseExperienceYield": 275,
  "experienceGroup": "slow",
  "catchRate": 5,
  "eggCycles": 10,
  "baseFriendship": 50,
  "moves": [
    "1:vinewhip",
    "1:leechseed",
    "1:quickattack",
    "1:followme",
    "1:doublekick",
    "1:counter",
    "1:retaliate",
    "1:hornleech",
    "6:focusenergy",
    "12:growth",
    "18:slam",
    "24:lowsweep",
    "30:ivycudgel",
    "36:throatchop",
    "42:synthesis",
    "48:spikyshield",
    "54:powerwhip",
    "60:superpower",
    "66:woodhammer",
    "tm:brickbreak",
    "tm:bulletseed",
    "tm:charm",
    "tm:encore",
    "tm:endure",
    "tm:energyball",
    "tm:facade",
    "tm:falseswipe",
    "tm:fling",
    "tm:focusenergy",
    "tm:gigadrain",
    "tm:gigaimpact",
    "tm:grassknot",
    "tm:grassyglide",
    "tm:grassyterrain",
    "tm:helpinghand",
    "tm:knockoff",
    "tm:lashout",
    "tm:leafstorm",
    "tm:lowkick",
    "tm:lowsweep",
    "tm:magicalleaf",
    "tm:playrough",
    "tm:powerwhip",
    "tm:protect",
    "tm:raindance",
    "tm:rest",
    "tm:retaliate",
    "tm:reversal",
    "tm:rocktomb",
    "tm:sandstorm",
    "tm:scaryface",
    "tm:seedbomb",
    "tm:sleeptalk",
    "tm:solarbeam",
    "tm:solarblade",
    "tm:spikes",
    "tm:stompingtantrum",
    "tm:substitute",
    "tm:sunnyday",
    "tm:superpower",
    "tm:swordsdance",
    "tm:synthesis",
    "tm:takedown",
    "tm:taunt",
    "tm:terablast",
    "tm:throatchop",
    "tm:trailblaze",
    "tm:uturn",
    "tm:zenheadbutt",
    "tutor:energyball",
    "tutor:falseswipe",
    "tutor:focusenergy",
    "tutor:gigadrain",
    "tutor:gigaimpact",
    "tutor:grassyglide",
    "tutor:helpinghand",
    "tutor:knockoff",
    "tutor:lashout",
    "tutor:lowkick",
    "tutor:magicalleaf",
    "tutor:playrough",
    "tutor:rest",
    "tutor:seedbomb",
    "tutor:sleeptalk",
    "tutor:spikes",
    "tutor:stompingtantrum",
    "tutor:superpower",
    "tutor:synthesis",
    "tutor:throatchop",
    "tutor:zenheadbutt"
  ],
  "evolutions": [],
  "forms": [],
  "behaviour": {
    "herd": {
      "maxSize": "2",
      "toleratedLeaders": [
        {
          "pokemon": "ogerpon",
          "tier": 1
        }
      ]
    },
    "moving": {
      "swim": {
        "avoidsWater": true
      }
    },
    "combat": {
      "willDefendSelf": true,
      "willDefendOwner": true,
      "willFlee": false
    },
    "resting": {
      "drowsyChance": 0.0333,
      "rouseChance": 0.0042
    }
  }
}