{
  "target": "cobblemon:yveltal",
  "implemented": true,
  "baseScale": 1.2,
  "hitbox": {
    "width": 3,
    "height": 4,
    "fixed": false
  },
  "riding": {
    "behaviours": {
      "AIR": {
        "key": "cobblemon:air/bird",
        "rideSounds": [
          {
            "muffleEnabled": true,
            "pitchExpr": "math.max(1.0 ,0.2 + math.pow(math.min(q.ride_velocity() / 1.5, 1.0),2))",
            "playForNonPassengers": true,
            "soundLocation": "cobblemon:ride.loop.wind",
            "volumeExpr": "math.pow(math.min(q.ride_velocity() / 1.5, 1.0),2)"
          },
          {
            "muffleEnabled": true,
            "pitchExpr": "math.max(1.0 ,0.2 + math.pow(math.min(q.ride_velocity() / 1.5, 1.0),2))",
            "playForNonPassengers": true,
            "soundLocation": "cobblemon:ride.loop.leather",
            "volumeExpr": "math.pow(math.min(q.ride_velocity() / 1.5, 1.0),2)"
          }
        ],
        "stats": {
          "ACCELERATION": "67-82",
          "JUMP": "50-80",
          "SKILL": "55-85",
          "SPEED": "55-80",
          "STAMINA": "30-92"
        }
      },
      "LAND": {
        "key": "cobblemon:land/horse",
        "rideSounds": [],
        "stats": {
          "ACCELERATION": "55-65",
          "JUMP": "15-25",
          "SKILL": "10-25",
          "SPEED": "25-40",
          "STAMINA": "20-30"
        }
      }
    },
    "seats": [
      {
        "offset": {
          "x": 0.0,
          "y": 0.0,
          "z": 0.0
        },
        "poseOffsets": [
          {
            "offset": {
              "x": 0.0047415113,
              "y": -1.6152971,
              "z": 0.35461712
            },
            "poseTypes": [
              "STAND"
            ]
          },
          {
            "offset": {
              "x": -0.003806442,
              "y": -1.7203209,
              "z": 0.12983066
            },
            "poseTypes": [
              "WALK"
            ]
          },
          {
            "offset": {
              "x": 0.039005388,
              "y": -2.4511793,
              "z": 0.10381147
            },
            "poseTypes": [
              "HOVER"
            ]
          },
          {
            "offset": {
              "x": 0.056267936,
              "y": -2.0914204,
              "z": -0.45272845
            },
            "poseTypes": [
              "FLY"
            ]
          },
          {
            "offset": {
              "x": 0.0,
              "y": -0.7674751,
              "z": -0.27694723
            },
            "poseTypes": [
              "FLOAT"
            ]
          },
          {
            "offset": {
              "x": -0.003806442,
              "y": -1.7203209,
              "z": 0.12983066
            },
            "poseTypes": [
              "SWIM"
            ]
          },
          {
            "offset": {
              "x": 0.0047415113,
              "y": -1.6152971,
              "z": 0.35461712
            },
            "poseTypes": [
              "GLIDE"
            ]
          }
        ]
      }
    ]
  },
  "behaviour": {
    "moving": {
      "fly": {
        "canFly": true,
        "flySpeedHorizontal": 0.7
      },
      "swim": {
        "avoidsWater": true
      }
    },
    "combat": {
      "willDefendSelf": true,
      "willDefendOwner": true,
      "willFlee": false
    },
    "resting": {
      "times": [
        "day"
      ],
      "drowsyChance": 0.0033,
      "rouseChance": 0.0042
    }
  }
}