{
  "target": "cobblemon:silvally",
  "forms": [
    {
      "name": "Rock",
      "primaryType": "rock",
      "maleRatio": -1,
      "height": 23,
      "weight": 1005,
      "pokedex": [
        "cobblemon.species.silvally-rock.desc"
      ],
      "labels": [
        "gen7",
        "legendary"
      ],
      "aspects": [
        "rock-memory"
      ],
      "moves": [
        "1:multiattack",
        "1:healblock",
        "1:imprison",
        "1:ironhead",
        "1:poisonfang",
        "1:firefang",
        "1:icefang",
        "1:thunderfang",
        "1:tackle",
        "1:rage",
        "1:pursuit",
        "1:bite",
        "1:aerialace",
        "1:scaryface",
        "1:punishment",
        "1:razorwind",
        "1:explosion",
        "15:doublehit",
        "20:metalsound",
        "25:crushclaw",
        "30:airslash",
        "35:triattack",
        "40:xscissor",
        "45:crunch",
        "50:takedown",
        "55:doubleedge",
        "60:partingshot",
        "tm:aerialace",
        "tm:airslash",
        "tm:crunch",
        "tm:defog",
        "tm:doubleedge",
        "tm:dracometeor",
        "tm:dragonclaw",
        "tm:endure",
        "tm:explosion",
        "tm:facade",
        "tm:firefang",
        "tm:flamecharge",
        "tm:flamethrower",
        "tm:flashcannon",
        "tm:gigaimpact",
        "tm:grasspledge",
        "tm:firepledge",
        "tm:waterpledge",
        "tm:hail",
        "tm:heatwave",
        "tm:hyperbeam",
        "tm:hypervoice",
        "tm:icebeam",
        "tm:icefang",
        "tm:icywind",
        "tm:imprison",
        "tm:irondefense",
        "tm:ironhead",
        "tm:laserfocus",
        "tm:lastresort",
        "tm:magiccoat",
        "tm:metalsound",
        "tm:outrage",
        "tm:payback",
        "tm:protect",
        "tm:psychicfangs",
        "tm:raindance",
        "tm:rest",
        "tm:reversal",
        "tm:roar",
        "tm:rockslide",
        "tm:sandstorm",
        "tm:scaryface",
        "tm:selfdestruct",
        "tm:shadowball",
        "tm:shadowclaw",
        "tm:signalbeam",
        "tm:sleeptalk",
        "tm:snarl",
        "tm:steelbeam",
        "tm:steelwing",
        "tm:substitute",
        "tm:sunnyday",
        "tm:surf",
        "tm:swift",
        "tm:swordsdance",
        "tm:tailwind",
        "tm:takedown",
        "tm:terablast",
        "tm:terrainpulse",
        "tm:thunderbolt",
        "tm:thunderfang",
        "tm:thunderwave",
        "tm:triattack",
        "tm:uturn",
        "tm:workup",
        "tm:xscissor",
        "tm:zenheadbutt",
        "tutor:aerialace",
        "tutor:defog",
        "tutor:dracometeor",
        "tutor:firefang",
        "tutor:flamethrower",
        "tutor:flashcannon",
        "tutor:gigaimpact",
        "tutor:grasspledge",
        "tutor:firepledge",
        "tutor:waterpledge",
        "tutor:heatwave",
        "tutor:hyperbeam",
        "tutor:hypervoice",
        "tutor:icebeam",
        "tutor:icefang",
        "tutor:icywind",
        "tutor:irondefense",
        "tutor:ironhead",
        "tutor:laserfocus",
        "tutor:lastresort",
        "tutor:magiccoat",
        "tutor:outrage",
        "tutor:rest",
        "tutor:rockslide",
        "tutor:shadowball",
        "tutor:shadowclaw",
        "tutor:signalbeam",
        "tutor:sleeptalk",
        "tutor:snarl",
        "tutor:steelbeam",
        "tutor:swift",
        "tutor:tailwind",
        "tutor:terrainpulse",
        "tutor:thunderbolt",
        "tutor:thunderfang",
        "tutor:xscissor",
        "tutor:zenheadbutt"
      ],
      "evolutions": [
        {
          "id": "silvally_rock_normal",
          "variant": "level_up",
          "result": "silvally rks_memory=normal",
          "consumeHeldItem": false,
          "learnableMoves": [],
          "requirements": [
            {
              "variant": "held_item",
              "itemCondition": "cobblemon:normal_gem"
            }
          ]
        },
        {
          "id": "silvally_rock_fighting",
          "variant": "level_up",
          "result": "silvally rks_memory=fighting",
          "consumeHeldItem": false,
          "learnableMoves": [],
          "requirements": [
            {
              "variant": "held_item",
              "itemCondition": "cobblemon:fighting_gem"
            }
          ]
        },
        {
          "id": "silvally_rock_flying",
          "variant": "level_up",
          "result": "silvally rks_memory=flying",
          "consumeHeldItem": false,
          "learnableMoves": [],
          "requirements": [
            {
              "variant": "held_item",
              "itemCondition": "cobblemon:flying_gem"
            }
          ]
        },
        {
          "id": "silvally_rock_poison",
          "variant": "level_up",
          "result": "silvally rks_memory=poison",
          "consumeHeldItem": false,
          "learnableMoves": [],
          "requirements": [
            {
              "variant": "held_item",
              "itemCondition": "cobblemon:poison_gem"
            }
          ]
        },
        {
          "id": "silvally_rock_ground",
          "variant": "level_up",
          "result": "silvally rks_memory=ground",
          "consumeHeldItem": false,
          "learnableMoves": [],
          "requirements": [
            {
              "variant": "held_item",
              "itemCondition": "cobblemon:ground_gem"
            }
          ]
        },
        {
          "id": "silvally_rock_bug",
          "variant": "level_up",
          "result": "silvally rks_memory=bug",
          "consumeHeldItem": false,
          "learnableMoves": [],
          "requirements": [
            {
              "variant": "held_item",
              "itemCondition": "cobblemon:bug_gem"
            }
          ]
        },
        {
          "id": "silvally_rock_ghost",
          "variant": "level_up",
          "result": "silvally rks_memory=ghost",
          "consumeHeldItem": false,
          "learnableMoves": [],
          "requirements": [
            {
              "variant": "held_item",
              "itemCondition": "cobblemon:ghost_gem"
            }
          ]
        },
        {
          "id": "silvally_rock_steel",
          "variant": "level_up",
          "result": "silvally rks_memory=steel",
          "consumeHeldItem": false,
          "learnableMoves": [],
          "requirements": [
            {
              "variant": "held_item",
              "itemCondition": "cobblemon:steel_gem"
            }
          ]
        },
        {
          "id": "silvally_rock_fire",
          "variant": "level_up",
          "result": "silvally rks_memory=fire",
          "consumeHeldItem": false,
          "learnableMoves": [],
          "requirements": [
            {
              "variant": "held_item",
              "itemCondition": "cobblemon:fire_gem"
            }
          ]
        },
        {
          "id": "silvally_rock_water",
          "variant": "level_up",
          "result": "silvally rks_memory=water",
          "consumeHeldItem": false,
          "learnableMoves": [],
          "requirements": [
            {
              "variant": "held_item",
              "itemCondition": "cobblemon:water_gem"
            }
          ]
        },
        {
          "id": "silvally_rock_grass",
          "variant": "level_up",
          "result": "silvally rks_memory=grass",
          "consumeHeldItem": false,
          "learnableMoves": [],
          "requirements": [
            {
              "variant": "held_item",
              "itemCondition": "cobblemon:grass_gem"
            }
          ]
        },
        {
          "id": "silvally_rock_electric",
          "variant": "level_up",
          "result": "silvally rks_memory=electric",
          "consumeHeldItem": false,
          "learnableMoves": [],
          "requirements": [
            {
              "variant": "held_item",
              "itemCondition": "cobblemon:electric_gem"
            }
          ]
        },
        {
          "id": "silvally_rock_psychic",
          "variant": "level_up",
          "result": "silvally rks_memory=psychic",
          "consumeHeldItem": false,
          "learnableMoves": [],
          "requirements": [
            {
              "variant": "held_item",
              "itemCondition": "cobblemon:psychic_gem"
            }
          ]
        },
        {
          "id": "silvally_rock_ice",
          "variant": "level_up",
          "result": "silvally rks_memory=ice",
          "consumeHeldItem": false,
          "learnableMoves": [],
          "requirements": [
            {
              "variant": "held_item",
              "itemCondition": "cobblemon:ice_gem"
            }
          ]
        },
        {
          "id": "silvally_rock_dragon",
          "variant": "level_up",
          "result": "silvally rks_memory=dragon",
          "consumeHeldItem": false,
          "learnableMoves": [],
          "requirements": [
            {
              "variant": "held_item",
              "itemCondition": "cobblemon:dragon_gem"
            }
          ]
        },
        {
          "id": "silvally_rock_dark",
          "variant": "level_up",
          "result": "silvally rks_memory=dark",
          "consumeHeldItem": false,
          "learnableMoves": [],
          "requirements": [
            {
              "variant": "held_item",
              "itemCondition": "cobblemon:dark_gem"
            }
          ]
        },
        {
          "id": "silvally_rock_fairy",
          "variant": "level_up",
          "result": "silvally rks_memory=fairy",
          "consumeHeldItem": false,
          "learnableMoves": [],
          "requirements": [
            {
              "variant": "held_item",
              "itemCondition": "cobblemon:fairy_gem"
            }
          ]
        }
      ],
      "battleOnly": false
    }
  ]
}