{
    "name": "ati_structures:gnome_hut",
    "fallback": "minecraft:empty",
    "elements": [
        {
            "element": {
                "element_type": "minecraft:single_pool_element",
                "projection": "rigid",
                "processors": "minecraft:empty",
                "location": "ati_structures:gnome_hut"
            },
            "weight": 1
        },
        {
            "element": {
                "element_type": "minecraft:single_pool_element",
                "projection": "rigid",
                "processors": "minecraft:empty",
                "location": "ati_structures:gnome_hut1"
            },
            "weight": 1
        }
    ]
}