{
    "name": "ati_structures:terrain_large",
    "fallback": "ati_structures:terrain_large",
    "elements": [
        {
            "element": {
                "element_type": "minecraft:single_pool_element",
                "projection": "rigid",
                "processors": "minecraft:mossify_20_percent",
                "location": "ati_structures:terrain_large/terrain1"
            },
            "weight": 1
        },
        {
            "element": {
                "element_type": "minecraft:single_pool_element",
                "projection": "rigid",
                "processors": "minecraft:mossify_20_percent",
                "location": "ati_structures:terrain_large/terrain2"
            },
            "weight": 1
        }
    ]
}
