{
  "type": "cobblemon:cooking_pot_shapeless",
  "container": {
    "count": 1,
    "id": "minecraft:bowl"
  },
  "experience": 1.0,
  "ingredients": [
    {
      "item": "minecraft:beetroot"
    },
    {
      "item": "minecraft:beetroot"
    },
    {
      "item": "minecraft:beetroot"
    },
    {
      "item": "minecraft:bowl"
    }
  ],
  "recipe_book_tab": "meals",
  "result": {
    "count": 1,
    "id": "minecraft:beetroot_soup"
  },
    "seasoningTag": "cobblemon:empty",
    "seasoningProcessors": []
}