{
  "type": "cobblemon:cooking_pot_shapeless",
  "experience": 0.35,
  "ingredients": [
    {
      "tag": "c:bones"
    },
    {
      "fabric:type": "fabric:any",
      "ingredients": [
        {
          "item": "minecraft:glow_berries"
        },
        {
          "tag": "c:mushrooms"
        },
        {
          "item": "minecraft:hanging_roots"
        },
        {
          "item": "minecraft:glow_lichen"
        },
    {
      "item": "minecraft:bowl"
    }
      ]
    }
  ],
  "recipe_book_tab": "meals",
  "result": {
    "count": 1,
    "id": "farmersdelight:bone_broth"
  },
    "seasoningTag": "cobblemon:empty",
    "seasoningProcessors": []
}