{
  "type": "cobblemon:cooking_pot_shapeless",
  "experience": 1.0,
  "ingredients": [
    {
      "tag": "c:foods/raw_chicken"
    },
    {
      "item": "minecraft:carrot"
    },
    {
      "tag": "c:foods/leafy_green"
    },
    {
      "fabric:type": "fabric:difference",
      "base": {
        "tag": "c:foods/vegetable"
      },
      "subtracted": {
        "item": "minecraft:melon_slice"
      }
    },
    {
      "item": "minecraft:bowl"
    }
  ],
  "recipe_book_tab": "meals",
  "result": {
    "count": 1,
    "id": "farmersdelight:chicken_soup"
  },
    "seasoningTag": "cobblemon:empty",
    "seasoningProcessors": []
}