{
  "type": "cobblemon:cooking_pot_shapeless",
  "experience": 1.0,
  "ingredients": [
    {
      "tag": "c:foods/dough"
    },
    {
      "tag": "c:crops/cabbage"
    },
    {
      "tag": "c:crops/onion"
    },
    {
      "fabric:type": "fabric:any",
      "ingredients": [
        {
          "tag": "c:foods/raw_chicken"
        },
        {
          "tag": "c:foods/raw_pork"
        },
        {
          "tag": "c:foods/raw_beef"
        },
        {
          "item": "minecraft:brown_mushroom"
        }
      ]
    }
  ],
  "result": {
    "count": 2,
    "id": "farmersdelight:dumplings"
  },
    "seasoningTag": "cobblemon:empty",
    "seasoningProcessors": []
}