{
  "type": "cobblemon:cooking_pot_shapeless",
  "experience": 1.0,
  "ingredients": [
    {
      "tag": "c:foods/milk"
    },
    {
      "item": "minecraft:sugar"
    },
    {
      "item": "minecraft:cocoa_beans"
    },
    {
      "item": "minecraft:cocoa_beans"
    },
    {
      "item": "minecraft:glass_bottle"
    }
  ],
  "recipe_book_tab": "drinks",
  "result": {
    "count": 1,
    "id": "farmersdelight:hot_cocoa"
  },
    "seasoningTag": "cobblemon:empty",
    "seasoningProcessors": []
}