{
  "type": "cobblemon:cooking_pot_shapeless",
  "experience": 1.0,
  "ingredients": [
    {
      "item": "minecraft:brown_mushroom"
    },
    {
      "item": "minecraft:red_mushroom"
    },
    {
      "tag": "c:crops/rice"
    },
    {
      "fabric:type": "fabric:any",
      "ingredients": [
        {
          "item": "minecraft:carrot"
        },
        {
          "item": "minecraft:potato"
        }
      ]
    },
    {
      "item": "minecraft:bowl"
    }
  ],
  "recipe_book_tab": "meals",
  "result": {
    "count": 1,
    "id": "farmersdelight:mushroom_rice"
  },
    "seasoningTag": "cobblemon:empty",
    "seasoningProcessors": []
}