{
  "type": "cobblemon:cooking_pot_shapeless",
  "experience": 1.0,
  "ingredients": [
    {
      "item": "farmersdelight:pumpkin_slice"
    },
    {
      "tag": "c:foods/leafy_green"
    },
    {
      "tag": "c:foods/raw_pork"
    },
    {
      "tag": "c:foods/milk"
    },
    {
      "item": "minecraft:bowl"
    }
  ],
  "recipe_book_tab": "meals",
  "result": {
    "count": 1,
    "id": "farmersdelight:pumpkin_soup"
  },
    "seasoningTag": "cobblemon:empty",
    "seasoningProcessors": []
}