{
  "target": "cobblemon:ogerpon",
  "forms": [
    {
      "name": "Wellspring-Tera",
      "primaryType": "grass",
      "secondaryType": "water",
      "maleRatio": 0,
      "height": 12,
      "weight": 398,
      "pokedex": [
        "cobblemon.species.ogerpon-wellspringtera.desc"
      ],
      "labels": [
        "gen9",
        "legendary"
      ],
      "aspects": [
        "embody-aspect",
        "wellspring-mask"
      ],
      "abilities": [
        "embodyaspectwellspring",
        "h:embodyaspectwellspring"
      ],
      "eggCycles": 5,
      "dynamaxBlocked": true,
      "evolutions": [],
      "battleOnly": false
    }
  ]
}